Year,Week,DateId,Team,Opp,Position,Player,PassAtt,PassCom,PassYds,PassTD,PassINT,Pass300,RushAtt,RushYds,RushTD,Rush100,RecTarg,RecCatches,RecYds,RecTD,Rec100,FumL,OffFumTD,TwoPT,RetYds,RetTD,FGMade0_19,FGMade20_29,FGMade30_39,FGMade40_49,FGMade50,PATMade,DefYardsTotal,DefPointsTotal,DefSk,DefTFL,DefINT,DefFF,DefFR,DefTD,DefSft,DefBlk,DefReturnTD,FantasyPointsDraftKings,FantasyPointsFanDuel
2024,6,20241013,ARI,@ GB,D,Arizona Defense,,,,,,,,,,,,,,,,,,,0,,,,,,,,,26.3,1.9,0,0.77,1.4,0.6,0.2,0.03,0,0,5.9,5.9
2024,6,20241013,ARI,@ GB,K,Chad Ryland,0,0,0,0,0,0,0,0,0,0,,,,,,,,,0,0,0.02,0.461,0.4,0.37,0.13,2,,,,0,,,,,,,,6.77,6.77
2024,6,20241013,ARI,@ GB,K,Matt Prater,,,,,,,,,,,,,,,,,,,0,,,,,,,,,,,0,,,,,,,,0,0
2024,6,20241013,ARI,@ GB,QB,Clayton Tune,0,0,0,0,0,0,0,0,0,0,,0,0,0,0,0,,0,0,0,,,,,,,,,,0,,,,,,,,0,0
2024,6,20241013,ARI,@ GB,QB,Desmond Ridder,0,0,0,0,0,0,0,0,0,0,,0,0,0,0,0,,0,0,0,,,,,,,,,,0,,,,,,,,0,0
2024,6,20241013,ARI,@ GB,QB,Kyler Murray,31.5,20.5,215,1.28,0.79,0.1,5.4,32,0.29,0,,0,0,0,0,0.24,,0.08,0,0,,,,,,,,,,0,,,,,,,,18.09,17.85
2024,6,20241013,ARI,@ GB,RB,DeeJay Dallas,0,0,0,0,0,0,0,0,0,0,,0,0,0,0,0,,0,0,0,,,,,,,,,,0,,,,,,,,0,0
2024,6,20241013,ARI,@ GB,RB,Emari Demercado,0,0,0,0,0,0,1.5,7,0.03,0,,0.8,6,0.03,0,0.02,,0,0,0,,,,,,,,,,0,,,,,,,,2.44,2.02
2024,6,20241013,ARI,@ GB,RB,James Conner,0,0,0,0,0,0,16.5,71,0.55,0.24,,1.7,12,0.07,0,0.12,,0,0,0,,,,,,,,,,0,,,,,,,,14.32,13.35
2024,6,20241013,ARI,@ GB,RB,Michael Carter,0,0,0,0,0,0,0,0,0,0,,0,0,0,0,0,,0,0,0,,,,,,,,,,0,,,,,,,,0,0
2024,6,20241013,ARI,@ GB,RB,Trey Benson,0,0,0,0,0,0,1.5,6,0.03,0,,0.3,2,0.01,0,0.01,,0,0,0,,,,,,,,,,0,,,,,,,,1.33,1.17
2024,6,20241013,ARI,@ GB,TE,Bernhard Seikovits,,,,,,,,,,,,,,,,,,,0,,,,,,,,,,,0,,,,,,,,0,0
2024,6,20241013,ARI,@ GB,TE,Elijah Higgins,0,0,0,0,0,0,0,0,0,0,,0.8,8,0.06,0,0.01,,0,0,0,,,,,,,,,,0,,,,,,,,1.95,1.54
2024,6,20241013,ARI,@ GB,TE,Jordan Murray,,,,,,,,,,,,,,,,,,,0,,,,,,,,,,,0,,,,,,,,0,0
2024,6,20241013,ARI,@ GB,TE,Tip Reiman,0,0,0,0,0,0,0,0,0,0,,0.2,2,0.01,0,0,,0,0,0,,,,,,,,,,0,,,,,,,,0.46,0.36
2024,6,20241013,ARI,@ GB,TE,Travis Vokolek,0,0,0,0,0,0,0,0,0,0,,0,0,0,0,0,,0,0,0,,,,,,,,,,0,,,,,,,,0,0
2024,6,20241013,ARI,@ GB,TE,Trey McBride,0,0,0,0,0,0,0,0,0,0,,4.9,49,0.28,0.07,0.05,,0.01,0,0,,,,,,,,,,0,,,,,,,,11.66,9.16
2024,6,20241013,ARI,@ GB,WR,Andre Baccellia,0,0,0,0,0,0,0,0,0,0,,0,0,0,0,0,,0,0,0,,,,,,,,,,0,,,,,,,,0,0
2024,6,20241013,ARI,@ GB,WR,Chris Moore,0,0,0,0,0,0,0,0,0,0,,0,0,0,0,0,,0,0,0,,,,,,,,,,0,,,,,,,,0,0
2024,6,20241013,ARI,@ GB,WR,Dan Chisena,,,,,,,,,,,,,,,,,,,0,,,,,,,,,,,0,,,,,,,,0,0
2024,6,20241013,ARI,@ GB,WR,Greg Dortch,0,0,0,0,0,0,0.2,1,0.01,0,,2.8,28,0.16,0,0.03,,0.01,0,0,,,,,,,,,,0,,,,,,,,6.71,5.28
2024,6,20241013,ARI,@ GB,WR,Marvin Harrison,0,0,0,0,0,0,0.2,1.1,0.01,0,,4,58,0.34,0.14,0.04,,0.02,0,0,,,,,,,,,,0,,,,,,,,12.43,10.39
2024,6,20241013,ARI,@ GB,WR,Michael Wilson,0,0,0,0,0,0,0,0,0,0,,3.7,48,0.29,0.07,0.04,,0.02,0,0,,,,,,,,,,0,,,,,,,,10.45,8.56
2024,6,20241013,ARI,@ GB,WR,Tejhaun Palmer,,,,,,,,,,,,,,,,,,,0,,,,,,,,,,,0,,,,,,,,0,0
2024,6,20241013,ARI,@ GB,WR,Xavier Weaver,0,0,0,0,0,0,0,0,0,0,,0,0,0,0,0,,0,0,0,,,,,,,,,,0,,,,,,,,0,0
2024,6,20241013,ARI,@ GB,WR,Zach Pascal,0,0,0,0,0,0,0,0,0,0,,0.4,5,0.03,0,0,,0,0,0,,,,,,,,,,0,,,,,,,,1.08,0.88
2024,6,20241013,ARI,@ GB,WR,Zay Jones,0,0,0,0,0,0,0,0,0,0,,0,0,0,0,0,,0,0,0,,,,,,,,,,0,,,,,,,,0,0
2024,6,20241013,ATL,@ CAR,D,Atlanta Defense,,,,,,,,,,,,,,,,,,,0,,,,,,,,,19.8,2.4,0,0.83,1.2,0.5,0.2,0.04,0,0,7.34,7.34
2024,6,20241013,ATL,@ CAR,K,Younghoe Koo,0,0,0,0,0,0,0,0,0,0,,,,,,,,,0,0,0.02,0.537,0.53,0.49,0.19,2.6,,,,0,,,,,,,,8.77,8.77
2024,6,20241013,ATL,@ CAR,QB,Kirk Cousins,33.5,22.5,250,1.84,0.77,0.26,0.7,0,0.03,0,,0,0,0,0,0.16,,0.09,0,0,,,,,,,,,,0,,,,,,,,17.57,17.41
2024,6,20241013,ATL,@ CAR,QB,Michael Penix,0,0,0,0,0,0,0,0,0,0,,0,0,0,0,0,,0,0,0,,,,,,,,,,0,,,,,,,,0,0
2024,6,20241013,ATL,@ CAR,QB,Nathan Peterman,,,,,,,,,,,,,,,,,,,0,,,,,,,,,,,0,,,,,,,,0,0
2024,6,20241013,ATL,@ CAR,RB,Avery Williams,0,0,0,0,0,0,0,0,0,0,,0,0,0,0,0,,0,0,0,,,,,,,,,,0,,,,,,,,0,0
2024,6,20241013,ATL,@ CAR,RB,Bijan Robinson,0,0,0,0,0,0,15.5,67,0.68,0.2,,3.1,24,0.16,0,0.13,,0,0,0,,,,,,,,,,0,,,,,,,,17.71,16.03
2024,6,20241013,ATL,@ CAR,RB,Carlos Washington,,,,,,,,,,,,,,,,,,,0,,,,,,,,,,,0,,,,,,,,0,0
2024,6,20241013,ATL,@ CAR,RB,Jase McClellan,0,0,0,0,0,0,0,0,0,0,,0,0,0,0,0,,0,0,0,,,,,,,,,,0,,,,,,,,0,0
2024,6,20241013,ATL,@ CAR,RB,Robert Burns,0,0,0,0,0,0,0,0,0,0,,0,0,0,0,0,,0,0,0,,,,,,,,,,0,,,,,,,,0,0
2024,6,20241013,ATL,@ CAR,RB,Tyler Allgeier,0,0,0,0,0,0,9,41,0.36,0.02,,1.2,9,0.06,0,0.07,,0,0,0,,,,,,,,,,0,,,,,,,,8.71,8.04
2024,6,20241013,ATL,@ CAR,TE,Armani Rogers,,,,,,,,,,,,,,,,,,,0,,,,,,,,,,,0,,,,,,,,0,0
2024,6,20241013,ATL,@ CAR,TE,Charlie Woerner,0,0,0,0,0,0,0,0,0,0,,0.3,3,0.03,0,0,,0,0,0,,,,,,,,,,0,,,,,,,,0.78,0.63
2024,6,20241013,ATL,@ CAR,TE,Kyle Pitts,0,0,0,0,0,0,0,0,0,0,,3.4,39,0.32,0.02,0.03,,0.02,0,0,,,,,,,,,,0,,,,,,,,9.29,7.56
2024,6,20241013,ATL,@ CAR,TE,Ross Dwelley,0,0,0,0,0,0,0,0,0,0,,0,0,0,0,0,,0,0,0,,,,,,,,,,0,,,,,,,,0,0
2024,6,20241013,ATL,@ CAR,WR,Casey Washington,0,0,0,0,0,0,0,0,0,0,,0,0,0,0,0,,0,0,0,,,,,,,,,,0,,,,,,,,0,0
2024,6,20241013,ATL,@ CAR,WR,Chris Blair,0,0,0,0,0,0,0,0,0,0,,0,0,0,0,0,,0,0,0,,,,,,,,,,0,,,,,,,,0,0
2024,6,20241013,ATL,@ CAR,WR,Darnell Mooney,0,0,0,0,0,0,0.1,0.6,0,0,,4.2,57,0.43,0.13,0.04,,0.02,0,0,,,,,,,,,,0,,,,,,,,12.93,10.79
2024,6,20241013,ATL,@ CAR,WR,Drake London,0,0,0,0,0,0,0,0,0,0,,5.9,68,0.57,0.23,0.06,,0.03,0,0,,,,,,,,,,0,,,,,,,,16.81,13.8
2024,6,20241013,ATL,@ CAR,WR,Dylan Drummond,,,,,,,,,,,,,,,,,,,0,,,,,,,,,,,0,,,,,,,,0,0
2024,6,20241013,ATL,@ CAR,WR,Jesse Matthews,,,,,,,,,,,,,,,,,,,0,,,,,,,,,,,0,,,,,,,,0,0
2024,6,20241013,ATL,@ CAR,WR,KhaDarel Hodge,0,0,0,0,0,0,0,0,0,0,,0.2,3,0.02,0,0,,0,0,0,,,,,,,,,,0,,,,,,,,0.62,0.52
2024,6,20241013,ATL,@ CAR,WR,Ray-Ray McCloud,0,0,0,0,0,0,0.3,1.8,0.01,0,,3.9,43,0.26,0.04,0.04,,0.01,0,0,,,,,,,,,,0,,,,,,,,10.1,8.11
2024,6,20241013,ATL,@ CAR,WR,Rondale Moore,0,0,0,0,0,0,0,0,0,0,,0,0,0,0,0,,0,0,0,,,,,,,,,,0,,,,,,,,0,0
2024,6,20241013,BAL,vs WAS,D,Baltimore Defense,,,,,,,,,,,,,,,,,,,0,,,,,,,,,22.5,2.2,0,0.82,1.2,0.53,0.2,0.04,0,0,6.18,6.18
2024,6,20241013,BAL,vs WAS,FB,Patrick Ricard,0,0,0,0,0,0,0.1,0,0,0,,0.4,3,0.02,0,0,,0,0,0,,,,,,,,,,0,,,,,,,,0.82,0.62
2024,6,20241013,BAL,vs WAS,K,Justin Tucker,0,0,0,0,0,0,0,0,0,0,,,,,,,,,0,0,0.02,0.536,0.54,0.51,0.2,2.9,,,,0,,,,,,,,9.23,9.23
2024,6,20241013,BAL,vs WAS,QB,Devin Leary,,,,,,,,,,,,,,,,,,,0,,,,,,,,,,,0,,,,,,,,0,0
2024,6,20241013,BAL,vs WAS,QB,Josh Johnson,0,0,0,0,0,0,0,0,0,0,,0,0,0,0,0,,0,0,0,,,,,,,,,,0,,,,,,,,0,0
2024,6,20241013,BAL,vs WAS,QB,Lamar Jackson,29.5,20,221,1.77,0.56,0.12,9.3,56,0.4,0.13,,0,0,0,0,0.22,,0.11,0,0,,,,,,,,,,0,,,,,,,,24.11,23.89
2024,6,20241013,BAL,vs WAS,RB,Chris Collier,0,0,0,0,0,0,0,0,0,0,,0,0,0,0,0,,0,0,0,,,,,,,,,,0,,,,,,,,0,0
2024,6,20241013,BAL,vs WAS,RB,Derrick Henry,0,0,0,0,0,0,18,84,0.94,0.36,,1.5,12,0.07,0,0.13,,0.1,0,0,,,,,,,,,,0,,,,,,,,18.31,17.43
2024,6,20241013,BAL,vs WAS,RB,Justice Hill,0,0,0,0,0,0,3.8,17,0.13,0,,2.7,19,0.12,0,0.05,,0,0,0,,,,,,,,,,0,,,,,,,,7.75,6.35
2024,6,20241013,BAL,vs WAS,RB,Keaton Mitchell,0,0,0,0,0,0,0,0,0,0,,0,0,0,0,0,,0,0,0,,,,,,,,,,0,,,,,,,,0,0
2024,6,20241013,BAL,vs WAS,RB,Owen Wright,,,,,,,,,,,,,,,,,,,0,,,,,,,,,,,0,,,,,,,,0,0
2024,6,20241013,BAL,vs WAS,RB,Rasheen Ali,0,0,0,0,0,0,0.2,1,0.01,0,,0.1,1,0,0,0,,0,0,0,,,,,,,,,,0,,,,,,,,0.36,0.31
2024,6,20241013,BAL,vs WAS,TE,Charlie Kolar,0,0,0,0,0,0,0,0,0,0,,0.6,6,0.06,0,0.01,,0,0,0,,,,,,,,,,0,,,,,,,,1.55,1.24
2024,6,20241013,BAL,vs WAS,TE,Isaiah Likely,0,0,0,0,0,0,0,0,0,0,,2.6,30,0.28,0,0.02,,0.01,0,0,,,,,,,,,,0,,,,,,,,7.28,5.96
2024,6,20241013,BAL,vs WAS,TE,Mark Andrews,0,0,0,0,0,0,0,0,0,0,,2.5,28,0.28,0,0.02,,0.01,0,0,,,,,,,,,,0,,,,,,,,6.98,5.71
2024,6,20241013,BAL,vs WAS,TE,Qadir Ismail,,,,,,,,,,,,,,,,,,,0,,,,,,,,,,,0,,,,,,,,0,0
2024,6,20241013,BAL,vs WAS,TE,Zaire Mitchell-Paden,,,,,,,,,,,,,,,,,,,0,,,,,,,,,,,0,,,,,,,,0,0
2024,6,20241013,BAL,vs WAS,WR,Anthony Miller,,,,,,,,,,,,,,,,,,,0,,,,,,,,,,,0,,,,,,,,0,0
2024,6,20241013,BAL,vs WAS,WR,Dayton Wade,,,,,,,,,,,,,,,,,,,0,,,,,,,,,,,0,,,,,,,,0,0
2024,6,20241013,BAL,vs WAS,WR,Deonte Harty,0,0,0,0,0,0,0,0,0,0,,0,0,0,0,0,,0,0,0,,,,,,,,,,0,,,,,,,,0,0
2024,6,20241013,BAL,vs WAS,WR,Devontez Walker,0,0,0,0,0,0,0,0,0,0,,0,0,0,0,0,,0,0,0,,,,,,,,,,0,,,,,,,,0,0
2024,6,20241013,BAL,vs WAS,WR,Keith Kirkwood,,,,,,,,,,,,,,,,,,,0,,,,,,,,,,,0,,,,,,,,0,0
2024,6,20241013,BAL,vs WAS,WR,Malik Cunningham,0,0,0,0,0,0,0,0,0,0,,0,0,0,0,0,,0,0,0,,,,,,,,,,0,,,,,,,,0,0
2024,6,20241013,BAL,vs WAS,WR,Nelson Agholor,0,0,0,0,0,0,0,0,0,0,,1.5,21,0.15,0,0.01,,0.01,0,0,,,,,,,,,,0,,,,,,,,4.51,3.75
2024,6,20241013,BAL,vs WAS,WR,Rashod Bateman,0,0,0,0,0,0,0,0,0,0,,2.7,37,0.25,0.01,0.03,,0.01,0,0,,,,,,,,,,0,,,,,,,,7.92,6.54
2024,6,20241013,BAL,vs WAS,WR,Tylan Wallace,0,0,0,0,0,0,0,0,0,0,,0.4,5,0.04,0,0,,0,0,0,,,,,,,,,,0,,,,,,,,1.14,0.94
2024,6,20241013,BAL,vs WAS,WR,Zay Flowers,0,0,0,0,0,0,0.5,2.8,0.02,0,,5.1,57,0.5,0.13,0.05,,0.03,0,0,,,,,,,,,,0,,,,,,,,14.6,12
2024,6,20241014,BUF,@ NYJ,D,Buffalo Defense,,,,,,,,,,,,,,,,,,,0,,,,,,,,,19.3,2.3,0,0.69,1.2,0.52,0.2,0.05,0,0,7.02,7.02
2024,6,20241014,BUF,@ NYJ,FB,Reggie Gilliam,0,0,0,0,0,0,0,0,0,0,,0.1,1,0,0,0,,0,0,0,,,,,,,,,,0,,,,,,,,0.2,0.15
2024,6,20241014,BUF,@ NYJ,K,Tyler Bass,0,0,0,0,0,0,0,0,0,0,,,,,,,,,0,0,0.02,0.506,0.42,0.38,0.13,2.1,,,,0,,,,,,,,7.11,7.11
2024,6,20241014,BUF,@ NYJ,QB,Josh Allen,30.5,18.5,205,1.25,0.72,0.07,6.4,32,0.55,0,,0,0,0,0,0.2,,0.09,0,0,,,,,,,,,,0,,,,,,,,19.17,18.97
2024,6,20241014,BUF,@ NYJ,QB,Mike White,,,,,,,,,,,,,,,,,,,0,,,,,,,,,,,0,,,,,,,,0,0
2024,6,20241014,BUF,@ NYJ,QB,Mitchell Trubisky,0,0,0,0,0,0,0,0,0,0,,0,0,0,0,0,,0,0,0,,,,,,,,,,0,,,,,,,,0,0
2024,6,20241014,BUF,@ NYJ,QB,Shane Buechele,,,,,,,,,,,,,,,,,,,0,,,,,,,,,,,0,,,,,,,,0,0
2024,6,20241014,BUF,@ NYJ,RB,Darrynton Evans,,,,,,,,,,,,,,,,,,,0,,,,,,,,,,,0,,,,,,,,0,0
2024,6,20241014,BUF,@ NYJ,RB,Frank Gore,,,,,,,,,,,,,,,,,,,0,,,,,,,,,,,0,,,,,,,,0,0
2024,6,20241014,BUF,@ NYJ,RB,James Cook,0,0,0,0,0,0,13.5,59,0.35,0.13,,2,18,0.1,0,0.11,,0,0,0,,,,,,,,,,0,,,,,,,,12.68,11.57
2024,6,20241014,BUF,@ NYJ,RB,Ray Davis,0,0,0,0,0,0,4,16,0.1,0,,0.5,4,0.02,0,0.03,,0,0,0,,,,,,,,,,0,,,,,,,,3.19,2.91
2024,6,20241014,BUF,@ NYJ,RB,Ty Johnson,0,0,0,0,0,0,2.8,11,0.05,0,,1.5,13,0.06,0,0.03,,0,0,0,,,,,,,,,,0,,,,,,,,4.53,3.75
2024,6,20241014,BUF,@ NYJ,TE,Dalton Kincaid,0,0,0,0,0,0,0,0,0,0,,3.8,40,0.26,0.02,0.04,,0.01,0,0,,,,,,,,,,0,,,,,,,,9.4,7.46
2024,6,20241014,BUF,@ NYJ,TE,Dawson Knox,0,0,0,0,0,0,0,0,0,0,,0.7,8,0.06,0,0.01,,0,0,0,,,,,,,,,,0,,,,,,,,1.85,1.49
2024,6,20241014,BUF,@ NYJ,TE,Quintin Morris,0,0,0,0,0,0,0,0,0,0,,0.1,1,0.01,0,0,,0,0,0,,,,,,,,,,0,,,,,,,,0.26,0.21
2024,6,20241014,BUF,@ NYJ,TE,Zach Davidson,,,,,,,,,,,,,,,,,,,0,,,,,,,,,,,0,,,,,,,,0,0
2024,6,20241014,BUF,@ NYJ,WR,Ahmarean Brown,,,,,,,,,,,,,,,,,,,0,,,,,,,,,,,0,,,,,,,,0,0
2024,6,20241014,BUF,@ NYJ,WR,Curtis Samuel,0,0,0,0,0,0,0.4,2.1,0.01,0,,1.9,18,0.14,0,0.02,,0.01,0,0,,,,,,,,,,0,,,,,,,,4.81,3.84
2024,6,20241014,BUF,@ NYJ,WR,Jalen Virgil,,,,,,,,,,,,,,,,,,,0,,,,,,,,,,,0,,,,,,,,0,0
2024,6,20241014,BUF,@ NYJ,WR,Keon Coleman,0,0,0,0,0,0,0.1,0.5,0,0,,2.4,33,0.17,0.01,0.02,,0.01,0,0,,,,,,,,,,0,,,,,,,,6.8,5.58
2024,6,20241014,BUF,@ NYJ,WR,Khalil Shakir,0,0,0,0,0,0,0,0,0,0,,3.3,40,0.22,0.02,0.03,,0.01,0,0,,,,,,,,,,0,,,,,,,,8.67,6.99
2024,6,20241014,BUF,@ NYJ,WR,KJ Hamler,,,,,,,,,,,,,,,,,,,0,,,,,,,,,,,0,,,,,,,,0,0
2024,6,20241014,BUF,@ NYJ,WR,Mack Hollins,0,0,0,0,0,0,0,0,0,0,,1.9,25,0.14,0,0.02,,0.01,0,0,,,,,,,,,,0,,,,,,,,5.24,4.27
2024,6,20241014,BUF,@ NYJ,WR,Marquez Valdes-Scantling,0,0,0,0,0,0,0,0,0,0,,0.9,13,0.07,0,0.01,,0,0,0,,,,,,,,,,0,,,,,,,,2.61,2.15
2024,6,20241014,BUF,@ NYJ,WR,Tyrell Shavers,0,0,0,0,0,0,0,0,0,0,,0.1,1,0.01,0,0,,0,0,0,,,,,,,,,,0,,,,,,,,0.26,0.21
2024,6,20241013,CAR,vs ATL,D,Carolina Defense,,,,,,,,,,,,,,,,,,,0,,,,,,,,,26.3,1.8,0,0.77,1.3,0.58,0.2,0.03,0,0,5.76,5.76
2024,6,20241013,CAR,vs ATL,K,Eddy Pineiro,0,0,0,0,0,0,0,0,0,0,,,,,,,,,0,0,0.02,0.55,0.48,0.44,0.15,1.8,,,,0,,,,,,,,7.46,7.46
2024,6,20241013,CAR,vs ATL,QB,Andy Dalton,34.5,22,225,1.25,0.83,0.14,2.3,5,0.12,0,,0,0,0,0,0.22,,0.07,0,0,,,,,,,,,,0,,,,,,,,14.73,14.51
2024,6,20241013,CAR,vs ATL,QB,Bryce Young,0,0,0,0,0,0,0,0,0,0,,0,0,0,0,0,,0,0,0,,,,,,,,,,0,,,,,,,,0,0
2024,6,20241013,CAR,vs ATL,QB,Jack Plummer,,,,,,,,,,,,,,,,,,,0,,,,,,,,,,,0,,,,,,,,0,0
2024,6,20241013,CAR,vs ATL,RB,Chuba Hubbard,0,0,0,0,0,0,14.7,64,0.51,0.17,,2.8,19,0.09,0,0.12,,0,0,0,,,,,,,,,,0,,,,,,,,15.09,13.57
2024,6,20241013,CAR,vs ATL,RB,Dillon Johnson,,,,,,,,,,,,,,,,,,,0,,,,,,,,,,,0,,,,,,,,0,0
2024,6,20241013,CAR,vs ATL,RB,Jonathon Brooks,0,0,0,0,0,0,0,0,0,0,,0,0,0,0,0,,0,0,0,,,,,,,,,,0,,,,,,,,0,0
2024,6,20241013,CAR,vs ATL,RB,Mike Boone,0,0,0,0,0,0,0,0,0,0,,0,0,0,0,0,,0,0,0,,,,,,,,,,0,,,,,,,,0,0
2024,6,20241013,CAR,vs ATL,RB,Miles Sanders,0,0,0,0,0,0,5.2,20,0.16,0,,1.8,12,0.06,0,0.05,,0,0,0,,,,,,,,,,0,,,,,,,,6.27,5.32
2024,6,20241013,CAR,vs ATL,RB,Raheem Blackshear,0,0,0,0,0,0,0,0,0,0,,0,0,0,0,0,,0,0,0,,,,,,,,,,0,,,,,,,,0,0
2024,6,20241013,CAR,vs ATL,TE,Feleipe Franks,0,0,0,0,0,0,0,0,0,0,,0.2,2,0.01,0,0,,0,0,0,,,,,,,,,,0,,,,,,,,0.46,0.36
2024,6,20241013,CAR,vs ATL,TE,Ian Thomas,0,0,0,0,0,0,0,0,0,0,,0.7,6,0.05,0,0.01,,0,0,0,,,,,,,,,,0,,,,,,,,1.59,1.23
2024,6,20241013,CAR,vs ATL,TE,Ja'Tavion Sanders,0,0,0,0,0,0,0,0,0,0,,2.6,22,0.19,0,0.02,,0.01,0,0,,,,,,,,,,0,,,,,,,,5.94,4.62
2024,6,20241013,CAR,vs ATL,TE,Jordan Matthews,,,,,,,,,,,,,,,,,,,0,,,,,,,,,,,0,,,,,,,,0,0
2024,6,20241013,CAR,vs ATL,TE,Stephen Sullivan,0,0,0,0,0,0,0,0,0,0,,0,0,0,0,0,,0,0,0,,,,,,,,,,0,,,,,,,,0,0
2024,6,20241013,CAR,vs ATL,TE,Tommy Tremble,0,0,0,0,0,0,0,0,0,0,,0,0,0,0,0,,0,0,0,,,,,,,,,,0,,,,,,,,0,0
2024,6,20241013,CAR,vs ATL,WR,Adam Thielen,0,0,0,0,0,0,0,0,0,0,,0,0,0,0,0,,0,0,0,,,,,,,,,,0,,,,,,,,0,0
2024,6,20241013,CAR,vs ATL,WR,David Moore,0,0,0,0,0,0,0,0,0,0,,0.3,4,0.02,0,0,,0,0,0,,,,,,,,,,0,,,,,,,,0.82,0.67
2024,6,20241013,CAR,vs ATL,WR,Deon Cain,,,,,,,,,,,,,,,,,,,0,,,,,,,,,,,0,,,,,,,,0,0
2024,6,20241013,CAR,vs ATL,WR,Deven Thompkins,,,,,,,,,,,,,,,,,,,0,,,,,,,,,,,0,,,,,,,,0,0
2024,6,20241013,CAR,vs ATL,WR,Diontae Johnson,0,0,0,0,0,0,0,0,0,0,,5.7,70,0.33,0.25,0.05,,0.02,0,0,,,,,,,,,,0,,,,,,,,15.42,12.52
2024,6,20241013,CAR,vs ATL,WR,Jalen Coker,0,0,0,0,0,0,0,0,0,0,,1.5,20,0.09,0,0.01,,0,0,0,,,,,,,,,,0,,,,,,,,4.03,3.27
2024,6,20241013,CAR,vs ATL,WR,Jonathan Mingo,0,0,0,0,0,0,0.3,1.5,0.01,0,,2.4,25,0.15,0,0.02,,0.01,0,0,,,,,,,,,,0,,,,,,,,6.01,4.79
2024,6,20241013,CAR,vs ATL,WR,Praise Olatoke,,,,,,,,,,,,,,,,,,,0,,,,,,,,,,,0,,,,,,,,0,0
2024,6,20241013,CAR,vs ATL,WR,Xavier Legette,0,0,0,0,0,0,0.4,2,0.02,0,,3.1,40,0.25,0.03,0.03,,0.01,0,0,,,,,,,,,,0,,,,,,,,9,7.42
2024,6,20241013,CHI,vs JAX,D,Chicago Defense,,,,,,,,,,,,,,,,,,,0,,,,,,,,,22.3,2.7,0,0.77,1.3,0.59,0.2,0.04,0,0,6.7,6.7
2024,6,20241013,CHI,vs JAX,FB,Khari Blasingame,0,0,0,0,0,0,0,0,0,0,,0,0,0,0,0,,0,0,0,,,,,,,,,,0,,,,,,,,0,0
2024,6,20241013,CHI,vs JAX,K,Cairo Santos,0,0,0,0,0,0,0,0,0,0,,,,,,,,,0,0,0.02,0.495,0.47,0.44,0.17,2.1,,,,0,,,,,,,,7.67,7.67
2024,6,20241013,CHI,vs JAX,QB,Austin Reed,,,,,,,,,,,,,,,,,,,0,,,,,,,,,,,0,,,,,,,,0,0
2024,6,20241013,CHI,vs JAX,QB,Caleb Williams,33.5,21.5,242,1.41,0.75,0.22,4.1,20,0.19,0,,0,0,0,0,0.26,,0.08,0,0,,,,,,,,,,0,,,,,,,,18.27,18.01
2024,6,20241013,CHI,vs JAX,QB,Tyson Bagent,0,0,0,0,0,0,0,0,0,0,,0,0,0,0,0,,0,0,0,,,,,,,,,,0,,,,,,,,0,0
2024,6,20241013,CHI,vs JAX,RB,D'Andre Swift,0,0,0,0,0,0,13.5,53,0.51,0.08,,3,23,0.1,0,0.12,,0,0,0,,,,,,,,,,0,,,,,,,,14.38,12.76
2024,6,20241013,CHI,vs JAX,RB,Ian Wheeler,,,,,,,,,,,,,,,,,,,0,,,,,,,,,,,0,,,,,,,,0,0
2024,6,20241013,CHI,vs JAX,RB,Khalil Herbert,0,0,0,0,0,0,0.4,1,0.02,0,,0.2,1,0.01,0,0,,0,0,0,,,,,,,,,,0,,,,,,,,0.58,0.48
2024,6,20241013,CHI,vs JAX,RB,Roschon Johnson,0,0,0,0,0,0,6.5,27,0.25,0,,1.1,8,0.03,0,0.05,,0,0,0,,,,,,,,,,0,,,,,,,,6.23,5.63
2024,6,20241013,CHI,vs JAX,RB,Travis Homer,0,0,0,0,0,0,0,0,0,0,,0,0,0,0,0,,0,0,0,,,,,,,,,,0,,,,,,,,0,0
2024,6,20241013,CHI,vs JAX,TE,Cole Kmet,0,0,0,0,0,0,0,0,0,0,,3.3,31,0.23,0,0.03,,0.01,0,0,,,,,,,,,,0,,,,,,,,7.77,6.09
2024,6,20241013,CHI,vs JAX,TE,Gerald Everett,0,0,0,0,0,0,0,0,0,0,,1,9,0.07,0,0.01,,0,0,0,,,,,,,,,,0,,,,,,,,2.31,1.8
2024,6,20241013,CHI,vs JAX,TE,Marcedes Lewis,0,0,0,0,0,0,0,0,0,0,,0.1,1,0.01,0,0,,0,0,0,,,,,,,,,,0,,,,,,,,0.26,0.21
2024,6,20241013,CHI,vs JAX,TE,Stephen Carlson,,,,,,,,,,,,,,,,,,,0,,,,,,,,,,,0,,,,,,,,0,0
2024,6,20241013,CHI,vs JAX,TE,Teagan Quitoriano,,,,,,,,,,,,,,,,,,,0,,,,,,,,,,,0,,,,,,,,0,0
2024,6,20241013,CHI,vs JAX,WR,Collin Johnson,0,0,0,0,0,0,0,0,0,0,,0,0,0,0,0,,0,0,0,,,,,,,,,,0,,,,,,,,0,0
2024,6,20241013,CHI,vs JAX,WR,DeAndre Carter,0,0,0,0,0,0,0,0,0,0,,0.2,2,0.01,0,0,,0,0,0,,,,,,,,,,0,,,,,,,,0.46,0.36
2024,6,20241013,CHI,vs JAX,WR,DJ Moore,0,0,0,0,0,0,0.3,1.5,0.01,0,,5.5,63,0.39,0.19,0.05,,0.02,0,0,,,,,,,,,,0,,,,,,,,14.91,12.11
2024,6,20241013,CHI,vs JAX,WR,John Jackson,,,,,,,,,,,,,,,,,,,0,,,,,,,,,,,0,,,,,,,,0,0
2024,6,20241013,CHI,vs JAX,WR,Keenan Allen,0,0,0,0,0,0,0,0,0,0,,4.5,50,0.28,0.08,0.04,,0.01,0,0,,,,,,,,,,0,,,,,,,,11.4,9.11
2024,6,20241013,CHI,vs JAX,WR,Nsimba Webster,,,,,,,,,,,,,,,,,,,0,,,,,,,,,,,0,,,,,,,,0,0
2024,6,20241013,CHI,vs JAX,WR,Rome Odunze,0,0,0,0,0,0,0.1,0.5,0,0,,3.6,50,0.27,0.08,0.04,,0.01,0,0,,,,,,,,,,0,,,,,,,,10.49,8.65
2024,6,20241013,CHI,vs JAX,WR,Samori Toure,,,,,,,,,,,,,,,,,,,0,,,,,,,,,,,0,,,,,,,,0,0
2024,6,20241013,CHI,vs JAX,WR,Tyler Scott,0,0,0,0,0,0,0,0,0,0,,0.1,1,0.01,0,0,,0,0,0,,,,,,,,,,0,,,,,,,,0.26,0.21
2024,6,20241013,CHI,vs JAX,WR,Velus Jones,0,0,0,0,0,0,0,0,0,0,,0,0,0,0,0,,0,0,0,,,,,,,,,,0,,,,,,,,0,0
2024,6,20241013,CIN,@ NYG,D,Cincinnati Defense,,,,,,,,,,,,,,,,,,,0,,,,,,,,,21.3,2.5,0,0.72,1.3,0.55,0.2,0.04,0,0,6.32,6.32
2024,6,20241013,CIN,@ NYG,K,Evan McPherson,0,0,0,0,0,0,0,0,0,0,,,,,,,,,0,0,0.02,0.456,0.5,0.47,0.21,2.4,,,,0,,,,,,,,8.26,8.26
2024,6,20241013,CIN,@ NYG,K,Evan McPherson,0,0,0,0,0,0,0,0,0,0,,,,,,,,,0,0,0.02,0.456,0.5,0.47,0.21,2.4,,,,0,,,,,,,,,8.26
2024,6,20241013,CIN,@ NYG,QB,Jake Browning,0,0,0,0,0,0,0,0,0,0,,0,0,0,0,0,,0,0,0,,,,,,,,,,0,,,,,,,,0,0
2024,6,20241013,CIN,@ NYG,QB,Joe Burrow,34.5,24.5,257,1.97,0.69,0.29,3,10,0.11,0,,0,0,0,0,0.22,,0.1,0,0,,,,,,,,,,0,,,,,,,,19.98,19.76
2024,6,20241013,CIN,@ NYG,QB,Logan Woodside,,,,,,,,,,,,,,,,,,,0,,,,,,,,,,,0,,,,,,,,0,0
2024,6,20241013,CIN,@ NYG,RB,Chase Brown,0,0,0,0,0,0,10.5,47,0.24,0.04,,2.1,15,0.09,0,0.09,,0,0,0,,,,,,,,,,0,,,,,,,,10.31,9.17
2024,6,20241013,CIN,@ NYG,RB,Chris Evans,0,0,0,0,0,0,0,0,0,0,,0,0,0,0,0,,0,0,0,,,,,,,,,,0,,,,,,,,0,0
2024,6,20241013,CIN,@ NYG,RB,Kendall Milton,,,,,,,,,,,,,,,,,,,0,,,,,,,,,,,0,,,,,,,,0,0
2024,6,20241013,CIN,@ NYG,RB,Trayveon Williams,0,0,0,0,0,0,0.1,0,0,0,,0.1,1,0,0,0,,0,0,0,,,,,,,,,,0,,,,,,,,0.2,0.15
2024,6,20241013,CIN,@ NYG,RB,Zack Moss,0,0,0,0,0,0,11,43,0.39,0.03,,2.7,20,0.1,0,0.1,,0,0,0,,,,,,,,,,0,,,,,,,,11.93,10.48
2024,6,20241013,CIN,@ NYG,TE,Cam Grandy,,,,,,,,,,,,,,,,,,,0,,,,,,,,,,,0,,,,,,,,0,0
2024,6,20241013,CIN,@ NYG,TE,Drew Sample,0,0,0,0,0,0,0,0,0,0,,0.6,5,0.05,0,0.01,,0,0,0,,,,,,,,,,0,,,,,,,,1.39,1.08
2024,6,20241013,CIN,@ NYG,TE,Erick All,0,0,0,0,0,0,0,0,0,0,,2.1,19,0.17,0,0.02,,0.01,0,0,,,,,,,,,,0,,,,,,,,5.02,3.95
2024,6,20241013,CIN,@ NYG,TE,Mike Gesicki,0,0,0,0,0,0,0,0,0,0,,2.5,26,0.21,0,0.02,,0.01,0,0,,,,,,,,,,0,,,,,,,,6.36,5.09
2024,6,20241013,CIN,@ NYG,TE,Tanner Hudson,0,0,0,0,0,0,0,0,0,0,,0,0,0,0,0,,0,0,0,,,,,,,,,,0,,,,,,,,0,0
2024,6,20241013,CIN,@ NYG,TE,Tanner McLachlan,0,0,0,0,0,0,0,0,0,0,,0,0,0,0,0,,0,0,0,,,,,,,,,,0,,,,,,,,0,0
2024,6,20241013,CIN,@ NYG,WR,Andrei Iosivas,0,0,0,0,0,0,0,0,0,0,,2.4,28,0.25,0,0.02,,0.01,0,0,,,,,,,,,,0,,,,,,,,6.7,5.48
2024,6,20241013,CIN,@ NYG,WR,Charlie Jones,0,0,0,0,0,0,0,0,0,0,,0.1,1,0.01,0,0,,0,0,0,,,,,,,,,,0,,,,,,,,0.26,0.21
2024,6,20241013,CIN,@ NYG,WR,Cole Burgess,,,,,,,,,,,,,,,,,,,0,,,,,,,,,,,0,,,,,,,,0,0
2024,6,20241013,CIN,@ NYG,WR,Ja'Marr Chase,0,0,0,0,0,0,0.2,0.9,0.01,0,,5.8,78,0.57,0.33,0.06,,0.03,0,0,,,,,,,,,,0,,,,,,,,18.16,15.2
2024,6,20241013,CIN,@ NYG,WR,Jermaine Burton,0,0,0,0,0,0,0,0,0,0,,0.1,2,0.01,0,0,,0,0,0,,,,,,,,,,0,,,,,,,,0.36,0.31
2024,6,20241013,CIN,@ NYG,WR,Kendric Pryor,,,,,,,,,,,,,,,,,,,0,,,,,,,,,,,0,,,,,,,,0,0
2024,6,20241013,CIN,@ NYG,WR,Tee Higgins,0,0,0,0,0,0,0,0,0,0,,4.7,63,0.5,0.18,0.05,,0.03,0,0,,,,,,,,,,0,,,,,,,,14.55,12.15
2024,6,20241013,CIN,@ NYG,WR,Trenton Irwin,0,0,0,0,0,0,0,0,0,0,,0,0,0,0,0,,0,0,0,,,,,,,,,,0,,,,,,,,0,0
2024,6,20241013,CLE,@ PHI,D,Cleveland Defense,,,,,,,,,,,,,,,,,,,0,,,,,,,,,24.8,2.1,0,0.66,1.4,0.63,0.2,0.03,0,0,5.94,5.94
2024,6,20241013,CLE,@ PHI,K,Dustin Hopkins,0,0,0,0,0,0,0,0,0,0,,,,,,,,,0,0,0.02,0.529,0.44,0.4,0.13,1.5,,,,0,,,,,,,,6.72,6.72
2024,6,20241013,CLE,@ PHI,QB,Deshaun Watson,33.5,19.5,190,1.06,0.89,0.03,5,24,0.18,0,,0,0,0,0,0.27,,0.06,0,0,,,,,,,,,,0,,,,,,,,14.37,14.1
2024,6,20241013,CLE,@ PHI,QB,Dorian Thompson-Robinson,0,0,0,0,0,0,0,0,0,0,,0,0,0,0,0,,0,0,0,,,,,,,,,,0,,,,,,,,0,0
2024,6,20241013,CLE,@ PHI,QB,Jameis Winston,0,0,0,0,0,0,0,0,0,0,,0,0,0,0,0,,0,0,0,,,,,,,,,,0,,,,,,,,0,0
2024,6,20241013,CLE,@ PHI,RB,D'Onta Foreman,0,0,0,0,0,0,6.5,26,0.17,0,,0.6,4,0.02,0,0.05,,0,0,0,,,,,,,,,,0,,,,,,,,4.69,4.34
2024,6,20241013,CLE,@ PHI,RB,Gary Brightwell,0,0,0,0,0,0,0,0,0,0,,0,0,0,0,0,,0,0,0,,,,,,,,,,0,,,,,,,,0,0
2024,6,20241013,CLE,@ PHI,RB,Jerome Ford,0,0,0,0,0,0,10.5,43,0.23,0.03,,2.3,16,0.08,0,0.09,,0,0,0,,,,,,,,,,0,,,,,,,,10.06,8.82
2024,6,20241013,CLE,@ PHI,RB,Nick Chubb,0,0,0,0,0,0,0,0,0,0,,0,0,0,0,0,,0,0,0,,,,,,,,,,0,,,,,,,,0,0
2024,6,20241013,CLE,@ PHI,RB,Nyheim Hines,0,0,0,0,0,0,0,0,0,0,,0,0,0,0,0,,0,0,0,,,,,,,,,,0,,,,,,,,0,0
2024,6,20241013,CLE,@ PHI,RB,Pierre Strong,0,0,0,0,0,0,0.8,3,0.02,0,,0.4,3,0.01,0,0.01,,0,0,0,,,,,,,,,,0,,,,,,,,1.17,0.96
2024,6,20241013,CLE,@ PHI,RB,Royce Freeman,,,,,,,,,,,,,,,,,,,0,,,,,,,,,,,0,,,,,,,,0,0
2024,6,20241013,CLE,@ PHI,TE,Blake Whiteheart,0,0,0,0,0,0,0,0,0,0,,0.3,3,0.02,0,0,,0,0,0,,,,,,,,,,0,,,,,,,,0.72,0.57
2024,6,20241013,CLE,@ PHI,TE,Cameron Latu,,,,,,,,,,,,,,,,,,,0,,,,,,,,,,,0,,,,,,,,0,0
2024,6,20241013,CLE,@ PHI,TE,David Njoku,0,0,0,0,0,0,0,0,0,0,,3.4,36,0.19,0.01,0.03,,0.01,0,0,,,,,,,,,,0,,,,,,,,8.16,6.43
2024,6,20241013,CLE,@ PHI,TE,Geoff Swaim,0,0,0,0,0,0,0,0,0,0,,0,0,0,0,0,,0,0,0,,,,,,,,,,0,,,,,,,,0,0
2024,6,20241013,CLE,@ PHI,TE,Jordan Akins,0,0,0,0,0,0,0,0,0,0,,0.8,7,0.05,0,0.01,,0,0,0,,,,,,,,,,0,,,,,,,,1.79,1.38
2024,6,20241013,CLE,@ PHI,WR,Amari Cooper,0,0,0,0,0,0,0,0,0,0,,4.2,53,0.31,0.1,0.04,,0.02,0,0,,,,,,,,,,0,,,,,,,,11.66,9.52
2024,6,20241013,CLE,@ PHI,WR,Cedric Tillman,0,0,0,0,0,0,0,0,0,0,,0.5,6,0.03,0,0,,0,0,0,,,,,,,,,,0,,,,,,,,1.28,1.03
2024,6,20241013,CLE,@ PHI,WR,David Bell,0,0,0,0,0,0,0,0,0,0,,0,0,0,0,0,,0,0,0,,,,,,,,,,0,,,,,,,,0,0
2024,6,20241013,CLE,@ PHI,WR,Elijah Moore,0,0,0,0,0,0,0.2,0.8,0.01,0,,2.6,27,0.13,0,0.03,,0.01,0,0,,,,,,,,,,0,,,,,,,,6.21,4.88
2024,6,20241013,CLE,@ PHI,WR,Jaelon Darden,,,,,,,,,,,,,,,,,,,0,,,,,,,,,,,0,,,,,,,,0,0
2024,6,20241013,CLE,@ PHI,WR,Jamari Thrash,0,0,0,0,0,0,0,0,0,0,,0,0,0,0,0,,0,0,0,,,,,,,,,,0,,,,,,,,0,0
2024,6,20241013,CLE,@ PHI,WR,James Proche,0,0,0,0,0,0,0,0,0,0,,0,0,0,0,0,,0,0,0,,,,,,,,,,0,,,,,,,,0,0
2024,6,20241013,CLE,@ PHI,WR,Jerry Jeudy,0,0,0,0,0,0,0.1,0.5,0,0,,3.3,43,0.21,0.04,0.03,,0.01,0,0,,,,,,,,,,0,,,,,,,,9.02,7.34
2024,6,20241013,CLE,@ PHI,WR,Kadarius Toney,,,,,,,,,,,,,,,,,,,0,,,,,,,,,,,0,,,,,,,,0,0
2024,6,20241013,CLE,@ PHI,WR,Michael Woods,,,,,,,,,,,,,,,,,,,0,,,,,,,,,,,0,,,,,,,,0,0
2024,6,20241013,DAL,vs DET,D,Dallas Defense,,,,,,,,,,,,,,,,,,,0,,,,,,,,,28,1.8,0,0.74,1.4,0.59,0.2,0.03,0,0,4.72,4.72
2024,6,20241013,DAL,vs DET,K,Brandon Aubrey,0,0,0,0,0,0,0,0,0,0,,,,,,,,,0,0,0.02,0.459,0.54,0.51,0.23,2.4,,,,0,,,,,,,,8.65,8.65
2024,6,20241013,DAL,vs DET,QB,Cooper Rush,0,0,0,0,0,0,0,0,0,0,,0,0,0,0,0,,0,0,0,,,,,,,,,,0,,,,,,,,0,0
2024,6,20241013,DAL,vs DET,QB,Dak Prescott,38.5,25.5,275,1.88,0.87,0.38,1.9,7,0.11,0,,0,0,0,0,0.19,,0.1,0,0,,,,,,,,,,0,,,,,,,,20.16,19.97
2024,6,20241013,DAL,vs DET,QB,Trey Lance,0,0,0,0,0,0,0,0,0,0,,0,0,0,0,0,,0,0,0,,,,,,,,,,0,,,,,,,,0,0
2024,6,20241013,DAL,vs DET,RB,Dalvin Cook,0,0,0,0,0,0,0,0,0,0,,0,0,0,0,0,,0,0,0,,,,,,,,,,0,,,,,,,,0,0
2024,6,20241013,DAL,vs DET,RB,Deuce Vaughn,0,0,0,0,0,0,0,0,0,0,,0,0,0,0,0,,0,0,0,,,,,,,,,,0,,,,,,,,0,0
2024,6,20241013,DAL,vs DET,RB,Ezekiel Elliott,0,0,0,0,0,0,5,18,0.22,0,,1.6,11,0.06,0,0.05,,0,0,0,,,,,,,,,,0,,,,,,,,6.13,5.28
2024,6,20241013,DAL,vs DET,RB,Hunter Luepke,0,0,0,0,0,0,0.7,3,0.02,0,,1.4,11,0.05,0,0.02,,0,0,0,,,,,,,,,,0,,,,,,,,3.2,2.48
2024,6,20241013,DAL,vs DET,RB,Malik Davis,0,0,0,0,0,0,0,0,0,0,,0,0,0,0,0,,0,0,0,,,,,,,,,,0,,,,,,,,0,0
2024,6,20241013,DAL,vs DET,RB,Rico Dowdle,0,0,0,0,0,0,11.7,44,0.39,0.03,,2,14,0.08,0,0.1,,0,0,0,,,,,,,,,,0,,,,,,,,10.61,9.51
2024,6,20241013,DAL,vs DET,TE,Brevyn Spann-Ford,0,0,0,0,0,0,0,0,0,0,,0.3,3,0.02,0,0,,0,0,0,,,,,,,,,,0,,,,,,,,0.72,0.57
2024,6,20241013,DAL,vs DET,TE,Jake Ferguson,0,0,0,0,0,0,0,0,0,0,,4.8,53,0.38,0.1,0.05,,0.02,0,0,,,,,,,,,,0,,,,,,,,12.67,10.22
2024,6,20241013,DAL,vs DET,TE,John Stephens,0,0,0,0,0,0,0,0,0,0,,0,0,0,0,0,,0,0,0,,,,,,,,,,0,,,,,,,,0,0
2024,6,20241013,DAL,vs DET,TE,Luke Schoonmaker,0,0,0,0,0,0,0,0,0,0,,1,9,0.1,0,0.01,,0.01,0,0,,,,,,,,,,0,,,,,,,,2.51,2
2024,6,20241013,DAL,vs DET,TE,Princeton Fant,,,,,,,,,,,,,,,,,,,0,,,,,,,,,,,0,,,,,,,,0,0
2024,6,20241013,DAL,vs DET,WR,Brandin Cooks,0,0,0,0,0,0,0,0,0,0,,0,0,0,0,0,,0,0,0,,,,,,,,,,0,,,,,,,,0,0
2024,6,20241013,DAL,vs DET,WR,CeeDee Lamb,0,0,0,0,0,0,0.8,4.4,0.03,0,,6.4,85,0.59,0.39,0.07,,0.03,0,0,,,,,,,,,,0,,,,,,,,20.22,16.95
2024,6,20241013,DAL,vs DET,WR,Jalen Brooks,0,0,0,0,0,0,0,0,0,0,,1.5,20,0.11,0,0.01,,0.01,0,0,,,,,,,,,,0,,,,,,,,4.17,3.41
2024,6,20241013,DAL,vs DET,WR,Jalen Cropper,,,,,,,,,,,,,,,,,,,0,,,,,,,,,,,0,,,,,,,,0,0
2024,6,20241013,DAL,vs DET,WR,Jalen Tolbert,0,0,0,0,0,0,0,0,0,0,,3.7,46,0.29,0.05,0.04,,0.02,0,0,,,,,,,,,,0,,,,,,,,10.19,8.3
2024,6,20241013,DAL,vs DET,WR,KaVontae Turpin,0,0,0,0,0,0,0.6,3.3,0.03,0,,2.3,29,0.19,0,0.03,,0.01,0,0,,,,,,,,,,0,,,,,,,,6.84,5.66
2024,6,20241013,DAL,vs DET,WR,Kelvin Harmon,,,,,,,,,,,,,,,,,,,0,,,,,,,,,,,0,,,,,,,,0,0
2024,6,20241013,DAL,vs DET,WR,Ryan Flournoy,0,0,0,0,0,0,0,0,0,0,,0.2,2,0.01,0,0,,0,0,0,,,,,,,,,,0,,,,,,,,0.46,0.36
2024,6,20241013,DEN,vs LAC,D,Denver Defense,,,,,,,,,,,,,,,,,,,0,,,,,,,,,19.3,2,0,0.66,1.2,0.51,0.2,0.05,0,0,6.64,6.64
2024,6,20241013,DEN,vs LAC,FB,Michael Burton,0,0,0,0,0,0,0,0,0,0,,0.7,4,0.02,0,0.01,,0,0,0,,,,,,,,,,0,,,,,,,,1.21,0.85
2024,6,20241013,DEN,vs LAC,K,Wil Lutz,0,0,0,0,0,0,0,0,0,0,,,,,,,,,0,0,0.02,0.485,0.46,0.43,0.16,1.4,,,,0,,,,,,,,6.82,6.82
2024,6,20241013,DEN,vs LAC,QB,Bo Nix,29.5,18.5,188,0.97,0.77,0.03,5.8,23,0.2,0,,0,0,0,0,0.22,,0.06,0,0,,,,,,,,,,0,,,,,,,,14.12,13.9
2024,6,20241013,DEN,vs LAC,QB,Jarrett Stidham,0,0,0,0,0,0,0,0,0,0,,0,0,0,0,0,,0,0,0,,,,,,,,,,0,,,,,,,,0,0
2024,6,20241013,DEN,vs LAC,QB,Zach Wilson,0,0,0,0,0,0,0,0,0,0,,0,0,0,0,0,,0,0,0,,,,,,,,,,0,,,,,,,,0,0
2024,6,20241013,DEN,vs LAC,RB,Audric Estime,0,0,0,0,0,0,1.5,6,0.04,0,,0.2,1,0.01,0,0.01,,0,0,0,,,,,,,,,,0,,,,,,,,1.19,1.08
2024,6,20241013,DEN,vs LAC,RB,Blake Watson,0,0,0,0,0,0,0,0,0,0,,0,0,0,0,0,,0,0,0,,,,,,,,,,0,,,,,,,,0,0
2024,6,20241013,DEN,vs LAC,RB,Jaleel McLaughlin,0,0,0,0,0,0,6.1,23,0.12,0,,1.8,12,0.05,0,0.06,,0,0,0,,,,,,,,,,0,,,,,,,,6.26,5.3
2024,6,20241013,DEN,vs LAC,RB,Javonte Williams,0,0,0,0,0,0,12.5,46,0.26,0.04,,3.2,21,0.09,0,0.11,,0,0,0,,,,,,,,,,0,,,,,,,,12.01,10.3
2024,6,20241013,DEN,vs LAC,RB,Salvon Ahmed,,,,,,,,,,,,,,,,,,,0,,,,,,,,,,,0,,,,,,,,0,0
2024,6,20241013,DEN,vs LAC,RB,Tyler Badie,0,0,0,0,0,0,0,0,0,0,,0,0,0,0,0,,0,0,0,,,,,,,,,,0,,,,,,,,0,0
2024,6,20241013,DEN,vs LAC,TE,Adam Trautman,0,0,0,0,0,0,0,0,0,0,,0.8,8,0.05,0,0.01,,0,0,0,,,,,,,,,,0,,,,,,,,1.89,1.48
2024,6,20241013,DEN,vs LAC,TE,Donald Parham,0,0,0,0,0,0,0,0,0,0,,0,0,0,0,0,,0,0,0,,,,,,,,,,0,,,,,,,,0,0
2024,6,20241013,DEN,vs LAC,TE,Greg Dulcich,0,0,0,0,0,0,0,0,0,0,,0,0,0,0,0,,0,0,0,,,,,,,,,,0,,,,,,,,0,0
2024,6,20241013,DEN,vs LAC,TE,Lucas Krull,0,0,0,0,0,0,0,0,0,0,,1,11,0.06,0,0.01,,0,0,0,,,,,,,,,,0,,,,,,,,2.45,1.94
2024,6,20241013,DEN,vs LAC,TE,Nate Adkins,0,0,0,0,0,0,0,0,0,0,,0.9,9,0.05,0,0.01,,0,0,0,,,,,,,,,,0,,,,,,,,2.09,1.63
2024,6,20241013,DEN,vs LAC,TE,Thomas Yassmin,,,,,,,,,,,,,,,,,,,0,,,,,,,,,,,0,,,,,,,,0,0
2024,6,20241013,DEN,vs LAC,WR,Courtland Sutton,0,0,0,0,0,0,0,0,0,0,,4.2,53,0.26,0.1,0.04,,0.01,0,0,,,,,,,,,,0,,,,,,,,11.34,9.2
2024,6,20241013,DEN,vs LAC,WR,David Sills,0,0,0,0,0,0,0,0,0,0,,0,0,0,0,0,,0,0,0,,,,,,,,,,0,,,,,,,,0,0
2024,6,20241013,DEN,vs LAC,WR,Devaughn Vele,0,0,0,0,0,0,0,0,0,0,,1.6,17,0.09,0,0.02,,0,0,0,,,,,,,,,,0,,,,,,,,3.82,3
2024,6,20241013,DEN,vs LAC,WR,Josh Reynolds,0,0,0,0,0,0,0,0,0,0,,0,0,0,0,0,,0,0,0,,,,,,,,,,0,,,,,,,,0,0
2024,6,20241013,DEN,vs LAC,WR,Kaden Davis,,,,,,,,,,,,,,,,,,,0,,,,,,,,,,,0,,,,,,,,0,0
2024,6,20241013,DEN,vs LAC,WR,Lil'Jordan Humphrey,0,0,0,0,0,0,0,0,0,0,,2.3,22,0.13,0,0.02,,0.01,0,0,,,,,,,,,,0,,,,,,,,5.28,4.11
2024,6,20241013,DEN,vs LAC,WR,Marvin Mims,0,0,0,0,0,0,0.3,1.4,0.01,0,,0.9,13,0.05,0,0.01,,0,0,0,,,,,,,,,,0,,,,,,,,2.69,2.23
2024,6,20241013,DEN,vs LAC,WR,Michael Bandy,0,0,0,0,0,0,0,0,0,0,,0,0,0,0,0,,0,0,0,,,,,,,,,,0,,,,,,,,0,0
2024,6,20241013,DEN,vs LAC,WR,Troy Franklin,0,0,0,0,0,0,0,0,0,0,,1.7,21,0.1,0,0.02,,0.01,0,0,,,,,,,,,,0,,,,,,,,4.4,3.53
2024,6,20241013,DET,@ DAL,D,Detroit Defense,,,,,,,,,,,,,,,,,,,0,,,,,,,,,24.5,2.1,0,0.87,1.2,0.53,0.2,0.03,0,0,6.16,6.16
2024,6,20241013,DET,@ DAL,K,Jake Bates,0,0,0,0,0,0,0,0,0,0,,,,,,,,,0,0,0.02,0.497,0.43,0.39,0.14,2.8,,,,0,,,,,,,,7.9,7.9
2024,6,20241013,DET,@ DAL,K,Michael Badgley,,,,,,,,,,,,,,,,,,,0,,,,,,,,,,,0,,,,,,,,0,0
2024,6,20241013,DET,@ DAL,QB,Hendon Hooker,0,0,0,0,0,0,0,0,0,0,,0,0,0,0,0,,0,0,0,,,,,,,,,,0,,,,,,,,0,0
2024,6,20241013,DET,@ DAL,QB,Jake Fromm,,,,,,,,,,,,,,,,,,,0,,,,,,,,,,,0,,,,,,,,0,0
2024,6,20241013,DET,@ DAL,QB,Jared Goff,33.5,22.5,247,1.75,0.74,0.24,1.5,2,0.08,0,,0,0,0,0,0.16,,0.09,0,0,,,,,,,,,,0,,,,,,,,17.56,17.4
2024,6,20241013,DET,@ DAL,RB,Craig Reynolds,0,0,0,0,0,0,0,0,0,0,,0,0,0,0,0,,0,0,0,,,,,,,,,,0,,,,,,,,0,0
2024,6,20241013,DET,@ DAL,RB,David Montgomery,0,0,0,0,0,0,13.8,62,0.73,0.15,,1.8,13,0.07,0,0.11,,0,0,0,,,,,,,,,,0,,,,,,,,14.44,13.43
2024,6,20241013,DET,@ DAL,RB,Jahmyr Gibbs,0,0,0,0,0,0,13,60,0.55,0.14,,2.8,20,0.13,0,0.11,,0,0,0,,,,,,,,,,0,,,,,,,,15.19,13.68
2024,6,20241013,DET,@ DAL,RB,Jermar Jefferson,,,,,,,,,,,,,,,,,,,0,,,,,,,,,,,0,,,,,,,,0,0
2024,6,20241013,DET,@ DAL,RB,Sione Vaki,0,0,0,0,0,0,0.2,1,0.01,0,,0.2,2,0.01,0,0,,0,0,0,,,,,,,,,,0,,,,,,,,0.62,0.52
2024,6,20241013,DET,@ DAL,TE,Brock Wright,0,0,0,0,0,0,0,0,0,0,,1.3,12,0.11,0,0.01,,0.01,0,0,,,,,,,,,,0,,,,,,,,3.17,2.51
2024,6,20241013,DET,@ DAL,TE,James Mitchell,0,0,0,0,0,0,0,0,0,0,,0,0,0,0,0,,0,0,0,,,,,,,,,,0,,,,,,,,0,0
2024,6,20241013,DET,@ DAL,TE,Parker Hesse,0,0,0,0,0,0,0,0,0,0,,0.2,2,0.02,0,0,,0,0,0,,,,,,,,,,0,,,,,,,,0.52,0.42
2024,6,20241013,DET,@ DAL,TE,Sam LaPorta,0,0,0,0,0,0,0,0,0,0,,4.1,44,0.34,0.04,0.04,,0.02,0,0,,,,,,,,,,0,,,,,,,,10.66,8.57
2024,6,20241013,DET,@ DAL,TE,Shane Zylstra,,,,,,,,,,,,,,,,,,,0,,,,,,,,,,,0,,,,,,,,0,0
2024,6,20241013,DET,@ DAL,WR,Allen Robinson,0,0,0,0,0,0,0,0,0,0,,0,0,0,0,0,,0,0,0,,,,,,,,,,0,,,,,,,,0,0
2024,6,20241013,DET,@ DAL,WR,Amon-Ra St. Brown,0,0,0,0,0,0,0.2,1.1,0.01,0,,6.9,78,0.54,0.33,0.07,,0.03,0,0,,,,,,,,,,0,,,,,,,,19.09,15.57
2024,6,20241013,DET,@ DAL,WR,Antoine Green,0,0,0,0,0,0,0,0,0,0,,0,0,0,0,0,,0,0,0,,,,,,,,,,0,,,,,,,,0,0
2024,6,20241013,DET,@ DAL,WR,Donovan Peoples-Jones,0,0,0,0,0,0,0,0,0,0,,0,0,0,0,0,,0,0,0,,,,,,,,,,0,,,,,,,,0,0
2024,6,20241013,DET,@ DAL,WR,Isaiah Williams,0,0,0,0,0,0,0,0,0,0,,0,0,0,0,0,,0,0,0,,,,,,,,,,0,,,,,,,,0,0
2024,6,20241013,DET,@ DAL,WR,Jameson Williams,0,0,0,0,0,0,0.6,3.8,0.03,0,,3.5,52,0.33,0.09,0.04,,0.02,0,0,,,,,,,,,,0,,,,,,,,11.51,9.72
2024,6,20241013,DET,@ DAL,WR,Kalif Raymond,0,0,0,0,0,0,0.2,1.1,0.01,0,,0.8,10,0.05,0,0.01,,0,0,0,,,,,,,,,,0,,,,,,,,2.26,1.85
2024,6,20241013,DET,@ DAL,WR,Tim Patrick,0,0,0,0,0,0,0,0,0,0,,1.8,23,0.15,0,0.02,,0.01,0,0,,,,,,,,,,0,,,,,,,,5,4.08
2024,6,20241013,DET,@ DAL,WR,Tom Kennedy,0,0,0,0,0,0,0,0,0,0,,0,0,0,0,0,,0,0,0,,,,,,,,,,0,,,,,,,,0,0
2024,6,20241013,DET,@ DAL,WR,Tre'Quan Smith,0,0,0,0,0,0,0,0,0,0,,0,0,0,0,0,,0,0,0,,,,,,,,,,0,,,,,,,,0,0
2024,6,20241013,GB,vs ARI,D,Green Bay Defense,,,,,,,,,,,,,,,,,,,0,,,,,,,,,20.8,2.4,0,0.79,1.2,0.51,0.2,0.04,0,0,6.28,6.28
2024,6,20241013,GB,vs ARI,FB,Andrew Beck,0,0,0,0,0,0,0,0,0,0,,0,0,0,0,0,,0,0,0,,,,,,,,,,0,,,,,,,,0,0
2024,6,20241013,GB,vs ARI,K,Alex Hale,,,,,,,,,,,,,,,,,,,0,,,,,,,,,,,0,,,,,,,,0,0
2024,6,20241013,GB,vs ARI,K,Brayden Narveson,0,0,0,0,0,0,0,0,0,0,,,,,,,,,0,0,0.02,0.496,0.43,0.39,0.13,2.6,,,,0,,,,,,,,7.65,7.65
2024,6,20241013,GB,vs ARI,QB,Jordan Love,33.5,22.5,258,2.08,0.77,0.3,2.3,9,0.09,0,,0,0,0,0,0.18,,0.11,0,0,,,,,,,,,,0,,,,,,,,20.25,20.07
2024,6,20241013,GB,vs ARI,QB,Malik Willis,0,0,0,0,0,0,0,0,0,0,,0,0,0,0,0,,0,0,0,,,,,,,,,,0,,,,,,,,0,0
2024,6,20241013,GB,vs ARI,QB,Sean Clifford,0,0,0,0,0,0,0,0,0,0,,0,0,0,0,0,,0,0,0,,,,,,,,,,0,,,,,,,,0,0
2024,6,20241013,GB,vs ARI,RB,AJ Dillon,0,0,0,0,0,0,0,0,0,0,,0,0,0,0,0,,0,0,0,,,,,,,,,,0,,,,,,,,0,0
2024,6,20241013,GB,vs ARI,RB,Chris Brooks,0,0,0,0,0,0,0.2,1,0,0,,0,0,0,0,0,,0,0,0,,,,,,,,,,0,,,,,,,,0.1,0.1
2024,6,20241013,GB,vs ARI,RB,Ellis Merriweather,0,0,0,0,0,0,0,0,0,0,,0,0,0,0,0,,0,0,0,,,,,,,,,,0,,,,,,,,0,0
2024,6,20241013,GB,vs ARI,RB,Emanuel Wilson,0,0,0,0,0,0,7.3,31,0.16,0,,1.4,10,0.05,0,0.06,,0,0,0,,,,,,,,,,0,,,,,,,,6.7,5.94
2024,6,20241013,GB,vs ARI,RB,Josh Jacobs,0,0,0,0,0,0,16.3,71,0.51,0.24,,2.3,17,0.08,0,0.13,,0,0,0,,,,,,,,,,0,,,,,,,,15.23,13.95
2024,6,20241013,GB,vs ARI,RB,MarShawn Lloyd,0,0,0,0,0,0,0,0,0,0,,0,0,0,0,0,,0,0,0,,,,,,,,,,0,,,,,,,,0,0
2024,6,20241013,GB,vs ARI,TE,Ben Sims,0,0,0,0,0,0,0,0,0,0,,0.7,6,0.07,0,0.01,,0,0,0,,,,,,,,,,0,,,,,,,,1.71,1.35
2024,6,20241013,GB,vs ARI,TE,Luke Musgrave,0,0,0,0,0,0,0,0,0,0,,0,0,0,0,0,,0,0,0,,,,,,,,,,0,,,,,,,,0,0
2024,6,20241013,GB,vs ARI,TE,Messiah Swinson,,,,,,,,,,,,,,,,,,,0,,,,,,,,,,,0,,,,,,,,0,0
2024,6,20241013,GB,vs ARI,TE,Tucker Kraft,0,0,0,0,0,0,0,0,0,0,,3.9,40,0.39,0.02,0.04,,0.02,0,0,,,,,,,,,,0,,,,,,,,10.3,8.31
2024,6,20241013,GB,vs ARI,TE,Tyler Davis,,,,,,,,,,,,,,,,,,,0,,,,,,,,,,,0,,,,,,,,0,0
2024,6,20241013,GB,vs ARI,WR,Bo Melton,0,0,0,0,0,0,0.3,1.4,0.01,0,,0.6,8,0.05,0,0.01,,0,0,0,,,,,,,,,,0,,,,,,,,1.89,1.58
2024,6,20241013,GB,vs ARI,WR,Christian Watson,0,0,0,0,0,0,0,0,0,0,,1.6,21,0.19,0,0.02,,0.01,0,0,,,,,,,,,,0,,,,,,,,4.84,4.02
2024,6,20241013,GB,vs ARI,WR,Cornelius Johnson,,,,,,,,,,,,,,,,,,,0,,,,,,,,,,,0,,,,,,,,0,0
2024,6,20241013,GB,vs ARI,WR,Dontayvion Wicks,0,0,0,0,0,0,0,0,0,0,,3.3,42,0.35,0.03,0.03,,0.02,0,0,,,,,,,,,,0,,,,,,,,9.7,8.02
2024,6,20241013,GB,vs ARI,WR,Jayden Reed,0,0,0,0,0,0,1.5,9.5,0.06,0,,4.8,66,0.52,0.21,0.06,,0.03,0,0,,,,,,,,,,0,,,,,,,,16.46,14
2024,6,20241013,GB,vs ARI,WR,Julian Hicks,,,,,,,,,,,,,,,,,,,0,,,,,,,,,,,0,,,,,,,,0,0
2024,6,20241013,GB,vs ARI,WR,Malik Heath,0,0,0,0,0,0,0,0,0,0,,0.7,9,0.05,0,0.01,,0,0,0,,,,,,,,,,0,,,,,,,,1.89,1.53
2024,6,20241013,GB,vs ARI,WR,Romeo Doubs,0,0,0,0,0,0,0,0,0,0,,3.2,42,0.32,0.03,0.03,,0.02,0,0,,,,,,,,,,0,,,,,,,,9.42,7.79
2024,6,20241013,GB,vs ARI,WR,TJ Luther,,,,,,,,,,,,,,,,,,,0,,,,,,,,,,,0,,,,,,,,0,0
2024,6,20241013,HOU,@ NE,D,Houston Defense,,,,,,,,,,,,,,,,,,,0,,,,,,,,,15.8,2.5,0,0.86,1.2,0.52,0.2,0.05,0,0,7.56,7.56
2024,6,20241013,HOU,@ NE,FB,Troy Hairston,,,,,,,,,,,,,,,,,,,0,,,,,,,,,,,0,,,,,,,,0,0
2024,6,20241013,HOU,@ NE,K,Ka'imi Fairbairn,0,0,0,0,0,0,0,0,0,0,,,,,,,,,0,0,0.02,0.5,0.47,0.44,0.17,2.1,,,,0,,,,,,,,7.68,7.68
2024,6,20241013,HOU,@ NE,QB,C.J. Stroud,31.5,21.5,235,1.59,0.57,0.18,3.3,13,0.15,0,,0,0,0,0,0.22,,0.09,0,0,,,,,,,,,,0,,,,,,,,17.89,17.67
2024,6,20241013,HOU,@ NE,QB,Case Keenum,0,0,0,0,0,0,0,0,0,0,,0,0,0,0,0,,0,0,0,,,,,,,,,,0,,,,,,,,0,0
2024,6,20241013,HOU,@ NE,QB,Davis Mills,0,0,0,0,0,0,0,0,0,0,,0,0,0,0,0,,0,0,0,,,,,,,,,,0,,,,,,,,0,0
2024,6,20241013,HOU,@ NE,QB,Kedon Slovis,,,,,,,,,,,,,,,,,,,0,,,,,,,,,,,0,,,,,,,,0,0
2024,6,20241013,HOU,@ NE,RB,British Brooks,0,0,0,0,0,0,0,0,0,0,,0,0,0,0,0,,0,0,0,,,,,,,,,,0,,,,,,,,0,0
2024,6,20241013,HOU,@ NE,RB,Cam Akers,0,0,0,0,0,0,2.5,10,0.07,0,,0.5,4,0.02,0,0.02,,0,0,0,,,,,,,,,,0,,,,,,,,2.42,2.15
2024,6,20241013,HOU,@ NE,RB,Dameon Pierce,0,0,0,0,0,0,4,16,0.09,0,,0.7,5,0.02,0,0.03,,0,0,0,,,,,,,,,,0,,,,,,,,3.43,3.05
2024,6,20241013,HOU,@ NE,RB,Dare Ogunbowale,0,0,0,0,0,0,2,8,0.04,0,,1.8,14,0.06,0,0.03,,0,0,0,,,,,,,,,,0,,,,,,,,4.57,3.64
2024,6,20241013,HOU,@ NE,RB,J.J. Taylor,0,0,0,0,0,0,0,0,0,0,,0,0,0,0,0,,0,0,0,,,,,,,,,,0,,,,,,,,0,0
2024,6,20241013,HOU,@ NE,RB,Joe Mixon,0,0,0,0,0,0,12.5,51,0.42,0.07,,1.9,14,0.08,0,0.1,,0,0,0,,,,,,,,,,0,,,,,,,,11.51,10.46
2024,6,20241013,HOU,@ NE,TE,Brevin Jordan,0,0,0,0,0,0,0,0,0,0,,0,0,0,0,0,,0,0,0,,,,,,,,,,0,,,,,,,,0,0
2024,6,20241013,HOU,@ NE,TE,Cade Stover,0,0,0,0,0,0,0,0,0,0,,1,10,0.07,0,0.01,,0,0,0,,,,,,,,,,0,,,,,,,,2.41,1.9
2024,6,20241013,HOU,@ NE,TE,Chris Myarick,,,,,,,,,,,,,,,,,,,0,,,,,,,,,,,0,,,,,,,,0,0
2024,6,20241013,HOU,@ NE,TE,Dalton Keene,,,,,,,,,,,,,,,,,,,0,,,,,,,,,,,0,,,,,,,,0,0
2024,6,20241013,HOU,@ NE,TE,Dalton Schultz,0,0,0,0,0,0,0,0,0,0,,3.5,33,0.26,0.01,0.03,,0.01,0,0,,,,,,,,,,0,,,,,,,,8.38,6.6
2024,6,20241013,HOU,@ NE,TE,Irv Smith,,,,,,,,,,,,,,,,,,,0,,,,,,,,,,,0,,,,,,,,0,0
2024,6,20241013,HOU,@ NE,WR,John Metchie,0,0,0,0,0,0,0,0,0,0,,1.1,13,0.08,0,0.01,,0,0,0,,,,,,,,,,0,,,,,,,,2.87,2.31
2024,6,20241013,HOU,@ NE,WR,Johnny Johnson,0,0,0,0,0,0,0,0,0,0,,0,0,0,0,0,,0,0,0,,,,,,,,,,0,,,,,,,,0,0
2024,6,20241013,HOU,@ NE,WR,Nico Collins,0,0,0,0,0,0,0,0,0,0,,0,0,0,0,0,,0,0,0,,,,,,,,,,0,,,,,,,,0,0
2024,6,20241013,HOU,@ NE,WR,Robert Woods,0,0,0,0,0,0,0,0,0,0,,0,0,0,0,0,,0,0,0,,,,,,,,,,0,,,,,,,,0,0
2024,6,20241013,HOU,@ NE,WR,Stefon Diggs,0,0,0,0,0,0,0.1,0.5,0,0,,5.7,61,0.47,0.17,0.06,,0.02,0,0,,,,,,,,,,0,,,,,,,,15.16,12.25
2024,6,20241013,HOU,@ NE,WR,Steven Sims,0,0,0,0,0,0,0,0,0,0,,0.2,2,0.01,0,0,,0,0,0,,,,,,,,,,0,,,,,,,,0.46,0.36
2024,6,20241013,HOU,@ NE,WR,Tank Dell,0,0,0,0,0,0,0.5,2.7,0.02,0,,4.3,56,0.32,0.12,0.04,,0.02,0,0,,,,,,,,,,0,,,,,,,,12.57,10.38
2024,6,20241013,HOU,@ NE,WR,Xavier Hutchinson,0,0,0,0,0,0,0,0,0,0,,2.6,31,0.19,0,0.02,,0.01,0,0,,,,,,,,,,0,,,,,,,,6.84,5.52
2024,6,20241013,HOU,@ NE,WR,Xavier Johnson,,,,,,,,,,,,,,,,,,,0,,,,,,,,,,,0,,,,,,,,0,0
2024,6,20241013,IND,@ TEN,D,Indianapolis Defense,,,,,,,,,,,,,,,,,,,0,,,,,,,,,22.5,2.9,0,0.8,1.2,0.54,0.2,0.04,0,0,6.86,6.86
2024,6,20241013,IND,@ TEN,K,Matt Gay,0,0,0,0,0,0,0,0,0,0,,,,,,,,,0,0,0.02,0.458,0.49,0.46,0.19,1.9,,,,0,,,,,,,,7.59,7.59
2024,6,20241013,IND,@ TEN,K,Spencer Shrader,,,,,,,,,,,,,,,,,,,0,,,,,,,,,,,0,,,,,,,,0,0
2024,6,20241013,IND,@ TEN,QB,Anthony Richardson,0,0,0,0,0,0,0,0,0,0,,0,0,0,0,0,,0,0,0,,,,,,,,,,0,,,,,,,,0,0
2024,6,20241013,IND,@ TEN,QB,Joe Flacco,31.5,21,242,1.43,0.72,0.22,2,5,0.08,0,,0,0,0,0,0.2,,0.08,0,0,,,,,,,,,,0,,,,,,,,16.28,16.08
2024,6,20241013,IND,@ TEN,QB,Sam Ehlinger,0,0,0,0,0,0,0,0,0,0,,0,0,0,0,0,,0,0,0,,,,,,,,,,0,,,,,,,,0,0
2024,6,20241013,IND,@ TEN,RB,Evan Hull,0,0,0,0,0,0,0.5,2,0.01,0,,0.2,1,0.01,0,0.01,,0,0,0,,,,,,,,,,0,,,,,,,,0.61,0.5
2024,6,20241013,IND,@ TEN,RB,Jonathan Taylor,0,0,0,0,0,0,0,0,0,0,,0,0,0,0,0,,0,0,0,,,,,,,,,,0,,,,,,,,0,0
2024,6,20241013,IND,@ TEN,RB,Trey Sermon,0,0,0,0,0,0,13.5,53,0.38,0.08,,1.7,12,0.06,0,0.1,,0,0,0,,,,,,,,,,0,,,,,,,,10.98,10.03
2024,6,20241013,IND,@ TEN,RB,Tyler Goodson,0,0,0,0,0,0,6.5,26,0.16,0,,2,14,0.08,0,0.06,,0,0,0,,,,,,,,,,0,,,,,,,,7.38,6.32
2024,6,20241013,IND,@ TEN,TE,Drew Ogletree,0,0,0,0,0,0,0,0,0,0,,0.7,8,0.06,0,0.01,,0,0,0,,,,,,,,,,0,,,,,,,,1.85,1.49
2024,6,20241013,IND,@ TEN,TE,Jelani Woods,0,0,0,0,0,0,0,0,0,0,,0,0,0,0,0,,0,0,0,,,,,,,,,,0,,,,,,,,0,0
2024,6,20241013,IND,@ TEN,TE,Kylen Granson,0,0,0,0,0,0,0,0,0,0,,0.9,9,0.06,0,0.01,,0,0,0,,,,,,,,,,0,,,,,,,,2.15,1.69
2024,6,20241013,IND,@ TEN,TE,Mo Alie-Cox,0,0,0,0,0,0,0,0,0,0,,1,12,0.11,0,0.01,,0.01,0,0,,,,,,,,,,0,,,,,,,,2.87,2.36
2024,6,20241013,IND,@ TEN,TE,Sean McKeon,,,,,,,,,,,,,,,,,,,0,,,,,,,,,,,0,,,,,,,,0,0
2024,6,20241013,IND,@ TEN,TE,Will Mallory,0,0,0,0,0,0,0,0,0,0,,0.8,9,0.06,0,0.01,,0,0,0,,,,,,,,,,0,,,,,,,,2.05,1.64
2024,6,20241013,IND,@ TEN,WR,Adonai Mitchell,0,0,0,0,0,0,0.5,2.8,0.02,0,,1.4,22,0.11,0,0.02,,0.01,0,0,,,,,,,,,,0,,,,,,,,4.66,3.94
2024,6,20241013,IND,@ TEN,WR,Alec Pierce,0,0,0,0,0,0,0,0,0,0,,2.5,39,0.25,0.02,0.02,,0.01,0,0,,,,,,,,,,0,,,,,,,,7.9,6.63
2024,6,20241013,IND,@ TEN,WR,Anthony Gould,0,0,0,0,0,0,0,0,0,0,,0,0,0,0,0,,0,0,0,,,,,,,,,,0,,,,,,,,0,0
2024,6,20241013,IND,@ TEN,WR,Ashton Dulin,0,0,0,0,0,0,0.3,1.7,0.01,0,,0.5,8,0.04,0,0.01,,0,0,0,,,,,,,,,,0,,,,,,,,1.76,1.5
2024,6,20241013,IND,@ TEN,WR,D.J. Montgomery,,,,,,,,,,,,,,,,,,,0,,,,,,,,,,,0,,,,,,,,0,0
2024,6,20241013,IND,@ TEN,WR,Josh Downs,0,0,0,0,0,0,0,0,0,0,,5.1,56,0.29,0.13,0.05,,0.02,0,0,,,,,,,,,,0,,,,,,,,12.82,10.22
2024,6,20241013,IND,@ TEN,WR,Juwann Winfree,0,0,0,0,0,0,0,0,0,0,,0,0,0,0,0,,0,0,0,,,,,,,,,,0,,,,,,,,0,0
2024,6,20241013,IND,@ TEN,WR,Laquon Treadwell,,,,,,,,,,,,,,,,,,,0,,,,,,,,,,,0,,,,,,,,0,0
2024,6,20241013,IND,@ TEN,WR,Michael Pittman,0,0,0,0,0,0,0,0,0,0,,4.9,56,0.29,0.13,0.05,,0.02,0,0,,,,,,,,,,0,,,,,,,,13.53,10.88
2024,6,20241013,JAX,@ CHI,D,Jacksonville Defense,,,,,,,,,,,,,,,,,,,0,,,,,,,,,22.3,2.8,0,0.75,1.4,0.61,0.2,0.04,0,0,6.8,6.8
2024,6,20241013,JAX,@ CHI,K,Cam Little,0,0,0,0,0,0,0,0,0,0,,,,,,,,,0,0,0.02,0.465,0.4,0.37,0.13,2.1,,,,0,,,,,,,,6.89,6.89
2024,6,20241013,JAX,@ CHI,QB,John Rhys Plumlee,,,,,,,,,,,,,,,,,,,0,,,,,,,,,,,0,,,,,,,,0,0
2024,6,20241013,JAX,@ CHI,QB,Mac Jones,0,0,0,0,0,0,0,0,0,0,,0,0,0,0,0,,0,0,0,,,,,,,,,,0,,,,,,,,0,0
2024,6,20241013,JAX,@ CHI,QB,Trevor Lawrence,33.5,21.1,228,1.49,0.77,0.15,2.9,12,0.15,0,,0,0,0,0,0.25,,0.08,0,0,,,,,,,,,,0,,,,,,,,16.77,16.52
2024,6,20241013,JAX,@ CHI,RB,D'Ernest Johnson,0,0,0,0,0,0,2,8,0.05,0,,0.6,4,0.02,0,0.02,,0,0,0,,,,,,,,,,0,,,,,,,,2.2,1.88
2024,6,20241013,JAX,@ CHI,RB,Jake Funk,,,,,,,,,,,,,,,,,,,0,,,,,,,,,,,0,,,,,,,,0,0
2024,6,20241013,JAX,@ CHI,RB,Keilan Robinson,0,0,0,0,0,0,0,0,0,0,,0,0,0,0,0,,0,0,0,,,,,,,,,,0,,,,,,,,0,0
2024,6,20241013,JAX,@ CHI,RB,Tank Bigsby,0,0,0,0,0,0,9,40,0.3,0.02,,0.7,5,0.03,0,0.07,,0,0,0,,,,,,,,,,0,,,,,,,,7.17,6.75
2024,6,20241013,JAX,@ CHI,RB,Travis Etienne,0,0,0,0,0,0,10.5,46,0.39,0.04,,2.5,18,0.09,0,0.09,,0,0,0,,,,,,,,,,0,,,,,,,,11.81,10.47
2024,6,20241013,JAX,@ CHI,TE,Brenton Strange,0,0,0,0,0,0,0,0,0,0,,0.9,10,0.07,0,0.01,,0,0,0,,,,,,,,,,0,,,,,,,,2.31,1.85
2024,6,20241013,JAX,@ CHI,TE,Evan Engram,0,0,0,0,0,0,0,0,0,0,,3.8,35,0.27,0.01,0.04,,0.01,0,0,,,,,,,,,,0,,,,,,,,8.93,6.99
2024,6,20241013,JAX,@ CHI,TE,Josiah Deguara,0,0,0,0,0,0,0,0,0,0,,0,0,0,0,0,,0,0,0,,,,,,,,,,0,,,,,,,,0,0
2024,6,20241013,JAX,@ CHI,TE,Luke Farrell,0,0,0,0,0,0,0,0,0,0,,0.2,2,0.02,0,0,,0,0,0,,,,,,,,,,0,,,,,,,,0.52,0.42
2024,6,20241013,JAX,@ CHI,TE,Shawn Bowman,,,,,,,,,,,,,,,,,,,0,,,,,,,,,,,0,,,,,,,,0,0
2024,6,20241013,JAX,@ CHI,WR,Austin Trammell,,,,,,,,,,,,,,,,,,,0,,,,,,,,,,,0,,,,,,,,0,0
2024,6,20241013,JAX,@ CHI,WR,Brian Thomas,0,0,0,0,0,0,0,0,0,0,,3.9,55,0.39,0.11,0.04,,0.02,0,0,,,,,,,,,,0,,,,,,,,12.07,10.08
2024,6,20241013,JAX,@ CHI,WR,Christian Kirk,0,0,0,0,0,0,0.1,0.5,0,0,,3.8,51,0.27,0.09,0.04,,0.01,0,0,,,,,,,,,,0,,,,,,,,10.82,8.88
2024,6,20241013,JAX,@ CHI,WR,David White,,,,,,,,,,,,,,,,,,,0,,,,,,,,,,,0,,,,,,,,0,0
2024,6,20241013,JAX,@ CHI,WR,Devin Duvernay,0,0,0,0,0,0,0,0,0,0,,0,0,0,0,0,,0,0,0,,,,,,,,,,0,,,,,,,,0,0
2024,6,20241013,JAX,@ CHI,WR,Elijah Cooks,0,0,0,0,0,0,0,0,0,0,,0,0,0,0,0,,0,0,0,,,,,,,,,,0,,,,,,,,0,0
2024,6,20241013,JAX,@ CHI,WR,Gabe Davis,0,0,0,0,0,0,0,0,0,0,,2.6,40,0.26,0.02,0.02,,0.01,0,0,,,,,,,,,,0,,,,,,,,8.22,6.9
2024,6,20241013,JAX,@ CHI,WR,Joshua Cephus,,,,,,,,,,,,,,,,,,,0,,,,,,,,,,,0,,,,,,,,0,0
2024,6,20241013,JAX,@ CHI,WR,Louis Rees-Zammit,,,,,,,,,,,,,,,,,,,0,,,,,,,,,,,0,,,,,,,,0,0
2024,6,20241013,JAX,@ CHI,WR,Parker Washington,0,0,0,0,0,0,0,0,0,0,,0.6,7,0.05,0,0.01,,0,0,0,,,,,,,,,,0,,,,,,,,1.59,1.28
2024,6,20241013,JAX,@ CHI,WR,Tim Jones,0,0,0,0,0,0,0,0,0,0,,0.4,4,0.03,0,0,,0,0,0,,,,,,,,,,0,,,,,,,,0.98,0.78
2024,6,20241013,LAC,@ DEN,D,LA Chargers Defense,,,,,,,,,,,,,,,,,,,0,,,,,,,,,16.3,2.1,0,0.77,1.2,0.52,0.2,0.05,0,0,6.98,6.98
2024,6,20241013,LAC,@ DEN,K,Cameron Dicker,0,0,0,0,0,0,0,0,0,0,,,,,,,,,0,0,0.02,0.455,0.43,0.4,0.15,1.8,,,,0,,,,,,,,6.87,6.87
2024,6,20241013,LAC,@ DEN,QB,Easton Stick,0,0,0,0,0,0,0,0,0,0,,0,0,0,0,0,,0,0,0,,,,,,,,,,0,,,,,,,,0,0
2024,6,20241013,LAC,@ DEN,QB,Justin Herbert,28.5,18.5,190,1.14,0.66,0.03,2.9,9,0.12,0,,0,0,0,0,0.19,,0.06,0,0,,,,,,,,,,0,,,,,,,,13.14,12.95
2024,6,20241013,LAC,@ DEN,QB,Taylor Heinicke,0,0,0,0,0,0,0,0,0,0,,0,0,0,0,0,,0,0,0,,,,,,,,,,0,,,,,,,,0,0
2024,6,20241013,LAC,@ DEN,RB,Gus Edwards,0,0,0,0,0,0,0,0,0,0,,0,0,0,0,0,,0,0,0,,,,,,,,,,0,,,,,,,,0,0
2024,6,20241013,LAC,@ DEN,RB,Hassan Haskins,0,0,0,0,0,0,3.5,13,0.11,0,,0.3,2,0.01,0,0.03,,0,0,0,,,,,,,,,,0,,,,,,,,2.49,2.31
2024,6,20241013,LAC,@ DEN,RB,J.K. Dobbins,0,0,0,0,0,0,16.5,70,0.55,0.23,,2.5,16,0.08,0,0.13,,0,0,0,,,,,,,,,,0,,,,,,,,15.44,14.06
2024,6,20241013,LAC,@ DEN,RB,Jaret Patterson,,,,,,,,,,,,,,,,,,,0,,,,,,,,,,,0,,,,,,,,0,0
2024,6,20241013,LAC,@ DEN,RB,Kimani Vidal,0,0,0,0,0,0,2,8,0.05,0,,0.2,1,0.01,0,0.01,,0,0,0,,,,,,,,,,0,,,,,,,,1.45,1.34
2024,6,20241013,LAC,@ DEN,TE,Donald Parham,0,0,0,0,0,0,0,0,0,0,,0,0,0,0,0,,0,0,0,,,,,,,,,,0,,,,,,,,0,0
2024,6,20241013,LAC,@ DEN,TE,Eric Tomlinson,0,0,0,0,0,0,0,0,0,0,,0.1,1,0.01,0,0,,0,0,0,,,,,,,,,,0,,,,,,,,0.26,0.21
2024,6,20241013,LAC,@ DEN,TE,Hayden Hurst,0,0,0,0,0,0,0,0,0,0,,2.2,23,0.16,0,0.02,,0.01,0,0,,,,,,,,,,0,,,,,,,,5.46,4.34
2024,6,20241013,LAC,@ DEN,TE,Stone Smartt,0,0,0,0,0,0,0,0,0,0,,0,0,0,0,0,,0,0,0,,,,,,,,,,0,,,,,,,,0,0
2024,6,20241013,LAC,@ DEN,TE,Tucker Fisk,,,,,,,,,,,,,,,,,,,0,,,,,,,,,,,0,,,,,,,,0,0
2024,6,20241013,LAC,@ DEN,TE,Will Dissly,0,0,0,0,0,0,0,0,0,0,,1.4,13,0.1,0,0.01,,0,0,0,,,,,,,,,,0,,,,,,,,3.29,2.58
2024,6,20241013,LAC,@ DEN,WR,Brenden Rice,0,0,0,0,0,0,0,0,0,0,,0,0,0,0,0,,0,0,0,,,,,,,,,,0,,,,,,,,0,0
2024,6,20241013,LAC,@ DEN,WR,Derius Davis,0,0,0,0,0,0,0.6,3.1,0.02,0,,0,0,0,0,0,,0,0,0,,,,,,,,,,0,,,,,,,,0.43,0.43
2024,6,20241013,LAC,@ DEN,WR,Dez Fitzpatrick,,,,,,,,,,,,,,,,,,,0,,,,,,,,,,,0,,,,,,,,0,0
2024,6,20241013,LAC,@ DEN,WR,DJ Chark,0,0,0,0,0,0,0,0,0,0,,0,0,0,0,0,,0,0,0,,,,,,,,,,0,,,,,,,,0,0
2024,6,20241013,LAC,@ DEN,WR,Jalen Reagor,,,,,,,,,,,,,,,,,,,0,,,,,,,,,,,0,,,,,,,,0,0
2024,6,20241013,LAC,@ DEN,WR,Jaylen Johnson,,,,,,,,,,,,,,,,,,,0,,,,,,,,,,,0,,,,,,,,0,0
2024,6,20241013,LAC,@ DEN,WR,Joshua Palmer,0,0,0,0,0,0,0,0,0,0,,2.9,35,0.2,0.01,0.03,,0.01,0,0,,,,,,,,,,0,,,,,,,,7.62,6.14
2024,6,20241013,LAC,@ DEN,WR,Ladd McConkey,0,0,0,0,0,0,0,0,0,0,,4.4,51,0.32,0.08,0.04,,0.02,0,0,,,,,,,,,,0,,,,,,,,11.66,9.42
2024,6,20241013,LAC,@ DEN,WR,Quentin Johnston,0,0,0,0,0,0,0,0,0,0,,3,39,0.22,0.02,0.03,,0.01,0,0,,,,,,,,,,0,,,,,,,,8.27,6.74
2024,6,20241013,LAC,@ DEN,WR,Simi Fehoko,0,0,0,0,0,0,0,0,0,0,,0.4,5,0.03,0,0,,0,0,0,,,,,,,,,,0,,,,,,,,1.08,0.88
2024,6,20241013,LV,vs PIT,D,Las Vegas Defense,,,,,,,,,,,,,,,,,,,0,,,,,,,,,19.8,2.4,0,0.6,1.3,0.57,0.2,0.04,0,0,7.02,7.02
2024,6,20241013,LV,vs PIT,K,Daniel Carlson,0,0,0,0,0,0,0,0,0,0,,,,,,,,,0,0,0.02,0.459,0.48,0.45,0.19,1.5,,,,0,,,,,,,,7.13,7.13
2024,6,20241013,LV,vs PIT,QB,Aidan O'Connell,28.5,17.5,185,1.02,0.77,0.02,1.5,2,0.07,0,,0,0,0,0,0.21,,0.05,0,0,,,,,,,,,,0,,,,,,,,11.28,11.07
2024,6,20241013,LV,vs PIT,QB,Carter Bradley,,,,,,,,,,,,,,,,,,,0,,,,,,,,,,,0,,,,,,,,0,0
2024,6,20241013,LV,vs PIT,QB,Gardner Minshew,0,0,0,0,0,0,0,0,0,0,,0,0,0,0,0,,0,0,0,,,,,,,,,,0,,,,,,,,0,0
2024,6,20241013,LV,vs PIT,RB,Alexander Mattison,0,0,0,0,0,0,13.5,53,0.4,0.08,,1.8,13,0.06,0,0.11,,0,0,0,,,,,,,,,,0,,,,,,,,11.29,10.28
2024,6,20241013,LV,vs PIT,RB,Ameer Abdullah,0,0,0,0,0,0,5.2,20,0.12,0,,2.1,15,0.06,0,0.05,,0,0,0,,,,,,,,,,0,,,,,,,,6.63,5.53
2024,6,20241013,LV,vs PIT,RB,Dylan Laube,0,0,0,0,0,0,0.5,2,0.01,0,,0.2,1,0.01,0,0.01,,0,0,0,,,,,,,,,,0,,,,,,,,0.61,0.5
2024,6,20241013,LV,vs PIT,RB,Sincere McCormick,,,,,,,,,,,,,,,,,,,0,,,,,,,,,,,0,,,,,,,,0,0
2024,6,20241013,LV,vs PIT,RB,Zamir White,0,0,0,0,0,0,0,0,0,0,,0,0,0,0,0,,0,0,0,,,,,,,,,,0,,,,,,,,0,0
2024,6,20241013,LV,vs PIT,TE,Brock Bowers,0,0,0,0,0,0,0.2,1,0.01,0,,4.9,51,0.32,0.09,0.05,,0.02,0,0,,,,,,,,,,0,,,,,,,,12.34,9.84
2024,6,20241013,LV,vs PIT,TE,Cole Fotheringham,,,,,,,,,,,,,,,,,,,0,,,,,,,,,,,0,,,,,,,,0,0
2024,6,20241013,LV,vs PIT,TE,Harrison Bryant,0,0,0,0,0,0,0,0,0,0,,1.2,13,0.07,0,0.01,,0,0,0,,,,,,,,,,0,,,,,,,,2.91,2.3
2024,6,20241013,LV,vs PIT,TE,John Samuel Shenker,0,0,0,0,0,0,0,0,0,0,,0,0,0,0,0,,0,0,0,,,,,,,,,,0,,,,,,,,0,0
2024,6,20241013,LV,vs PIT,TE,Justin Shorter,,,,,,,,,,,,,,,,,,,0,,,,,,,,,,,0,,,,,,,,0,0
2024,6,20241013,LV,vs PIT,TE,Michael Mayer,0,0,0,0,0,0,0,0,0,0,,0,0,0,0,0,,0,0,0,,,,,,,,,,0,,,,,,,,0,0
2024,6,20241013,LV,vs PIT,WR,Alex Bachman,0,0,0,0,0,0,0,0,0,0,,0.4,4,0.02,0,0,,0,0,0,,,,,,,,,,0,,,,,,,,0.92,0.72
2024,6,20241013,LV,vs PIT,WR,Davante Adams,0,0,0,0,0,0,0,0,0,0,,0,0,0,0,0,,0,0,0,,,,,,,,,,0,,,,,,,,0,0
2024,6,20241013,LV,vs PIT,WR,DJ Turner,0,0,0,0,0,0,0.5,2.3,0.01,0,,2.7,24,0.16,0,0.03,,0.01,0,0,,,,,,,,,,0,,,,,,,,6.34,4.96
2024,6,20241013,LV,vs PIT,WR,Jakobi Meyers,0,0,0,0,0,0,0,0,0,0,,0,0,0,0,0,,0,0,0,,,,,,,,,,0,,,,,,,,0,0
2024,6,20241013,LV,vs PIT,WR,Jalen Guyton,0,0,0,0,0,0,0,0,0,0,,0,0,0,0,0,,0,0,0,,,,,,,,,,0,,,,,,,,0,0
2024,6,20241013,LV,vs PIT,WR,Jeff Foreman,,,,,,,,,,,,,,,,,,,0,,,,,,,,,,,0,,,,,,,,0,0
2024,6,20241013,LV,vs PIT,WR,Kristian Wilkerson,0,0,0,0,0,0,0,0,0,0,,1.1,14,0.07,0,0.01,,0,0,0,,,,,,,,,,0,,,,,,,,2.91,2.35
2024,6,20241013,LV,vs PIT,WR,Ramel Keyton,0,0,0,0,0,0,0,0,0,0,,0,0,0,0,0,,0,0,0,,,,,,,,,,0,,,,,,,,0,0
2024,6,20241013,LV,vs PIT,WR,Tre Tucker,0,0,0,0,0,0,0.8,4.8,0.03,0,,3.6,41,0.22,0.03,0.04,,0.01,0,0,,,,,,,,,,0,,,,,,,,9.75,7.91
2024,6,20241013,LV,vs PIT,WR,Tyreik McAllister,0,0,0,0,0,0,0,0,0,0,,0.8,9,0.04,0,0.01,,0,0,0,,,,,,,,,,0,,,,,,,,1.93,1.52
2024,6,20241013,NE,vs HOU,D,New England Defense,,,,,,,,,,,,,,,,,,,0,,,,,,,,,22.3,2.3,0,0.57,1.4,0.6,0.2,0.04,0,0,5.92,5.92
2024,6,20241013,NE,vs HOU,K,Joey Slye,0,0,0,0,0,0,0,0,0,0,,,,,,,,,0,0,0.02,0.466,0.44,0.41,0.16,1.4,,,,0,,,,,,,,6.62,6.62
2024,6,20241013,NE,vs HOU,QB,Drake Maye,28.5,17.5,165,0.8,0.86,0.01,5.1,26,0.21,0,,0,0,0,0,0.25,,0.05,0,0,,,,,,,,,,0,,,,,,,,12.68,12.43
2024,6,20241013,NE,vs HOU,QB,Jacoby Brissett,0,0,0,0,0,0,0,0,0,0,,0,0,0,0,0,,0,0,0,,,,,,,,,,0,,,,,,,,0,0
2024,6,20241013,NE,vs HOU,QB,Joe Milton,0,0,0,0,0,0,0,0,0,0,,0,0,0,0,0,,0,0,0,,,,,,,,,,0,,,,,,,,0,0
2024,6,20241013,NE,vs HOU,RB,Antonio Gibson,0,0,0,0,0,0,13,51,0.36,0.06,,2.8,18,0.07,0,0.11,,0,0,0,,,,,,,,,,0,,,,,,,,12.35,10.84
2024,6,20241013,NE,vs HOU,RB,JaMycal Hasty,0,0,0,0,0,0,4.5,17,0.11,0,,1,7,0.02,0,0.04,,0,0,0,,,,,,,,,,0,,,,,,,,4.14,3.6
2024,6,20241013,NE,vs HOU,RB,Kevin Harris,0,0,0,0,0,0,0,0,0,0,,0,0,0,0,0,,0,0,0,,,,,,,,,,0,,,,,,,,0,0
2024,6,20241013,NE,vs HOU,RB,Rhamondre Stevenson,0,0,0,0,0,0,0,0,0,0,,0,0,0,0,0,,0,0,0,,,,,,,,,,0,,,,,,,,0,0
2024,6,20241013,NE,vs HOU,RB,Terrell Jennings,0,0,0,0,0,0,1.5,6,0.04,0,,0.2,1,0,0,0.01,,0,0,0,,,,,,,,,,0,,,,,,,,1.13,1.02
2024,6,20241013,NE,vs HOU,TE,Austin Hooper,0,0,0,0,0,0,0,0,0,0,,1.6,16,0.08,0,0.02,,0,0,0,,,,,,,,,,0,,,,,,,,3.66,2.84
2024,6,20241013,NE,vs HOU,TE,Hunter Henry,0,0,0,0,0,0,0,0,0,0,,2.8,31,0.17,0,0.03,,0.01,0,0,,,,,,,,,,0,,,,,,,,6.91,5.48
2024,6,20241013,NE,vs HOU,TE,Jack Westover,,,,,,,,,,,,,,,,,,,0,,,,,,,,,,,0,,,,,,,,0,0
2024,6,20241013,NE,vs HOU,TE,Jaheim Bell,0,0,0,0,0,0,0,0,0,0,,0,0,0,0,0,,0,0,0,,,,,,,,,,0,,,,,,,,0,0
2024,6,20241013,NE,vs HOU,TE,Mitchell Wilcox,0,0,0,0,0,0,0,0,0,0,,0,0,0,0,0,,0,0,0,,,,,,,,,,0,,,,,,,,0,0
2024,6,20241013,NE,vs HOU,WR,DeMario Douglas,0,0,0,0,0,0,0.2,1,0.01,0,,2.9,31,0.14,0,0.03,,0.01,0,0,,,,,,,,,,0,,,,,,,,6.99,5.51
2024,6,20241013,NE,vs HOU,WR,Ja'Lynn Polk,0,0,0,0,0,0,0,0,0,0,,2.7,32,0.15,0.01,0.03,,0.01,0,0,,,,,,,,,,0,,,,,,,,6.82,5.44
2024,6,20241013,NE,vs HOU,WR,JaQuae Jackson,,,,,,,,,,,,,,,,,,,0,,,,,,,,,,,0,,,,,,,,0,0
2024,6,20241013,NE,vs HOU,WR,Javon Baker,0,0,0,0,0,0,0,0,0,0,,0,0,0,0,0,,0,0,0,,,,,,,,,,0,,,,,,,,0,0
2024,6,20241013,NE,vs HOU,WR,K.J. Osborn,0,0,0,0,0,0,0,0,0,0,,0.8,8,0.04,0,0.01,,0,0,0,,,,,,,,,,0,,,,,,,,1.83,1.42
2024,6,20241013,NE,vs HOU,WR,Kayshon Boutte,0,0,0,0,0,0,0,0,0,0,,0.8,10,0.04,0,0.01,,0,0,0,,,,,,,,,,0,,,,,,,,2.03,1.62
2024,6,20241013,NE,vs HOU,WR,Kendrick Bourne,0,0,0,0,0,0,0,0,0,0,,1.6,19,0.09,0,0.02,,0,0,0,,,,,,,,,,0,,,,,,,,4.02,3.2
2024,6,20241013,NE,vs HOU,WR,Matt Landers,,,,,,,,,,,,,,,,,,,0,,,,,,,,,,,0,,,,,,,,0,0
2024,6,20241013,NE,vs HOU,WR,Tyquan Thornton,0,0,0,0,0,0,0,0,0,0,,0,0,0,0,0,,0,0,0,,,,,,,,,,0,,,,,,,,0,0
2024,6,20241013,NO,vs TB,D,New Orleans Defense,,,,,,,,,,,,,,,,,,,0,,,,,,,,,23,2.3,0,0.7,1.2,0.54,0.2,0.04,0,0,6.06,6.06
2024,6,20241013,NO,vs TB,FB,Adam Prentice,0,0,0,0,0,0,0,0,0,0,,0.2,1,0.01,0,0,,0,0,0,,,,,,,,,,0,,,,,,,,0.36,0.26
2024,6,20241013,NO,vs TB,K,Blake Grupe,0,0,0,0,0,0,0,0,0,0,,,,,,,,,0,0,0.02,0.529,0.46,0.42,0.14,1.8,,,,0,,,,,,,,7.21,7.21
2024,6,20241013,NO,vs TB,K,Charlie Smyth,,,,,,,,,,,,,,,,,,,0,,,,,,,,,,,0,,,,,,,,0,0
2024,6,20241013,NO,vs TB,QB,Derek Carr,0,0,0,0,0,0,0,0,0,0,,0,0,0,0,0,,0,0,0,,,,,,,,,,0,,,,,,,,0,0
2024,6,20241013,NO,vs TB,QB,Jake Haener,0,0,0,0,0,0,0,0,0,0,,0,0,0,0,0,,0,0,0,,,,,,,,,,0,,,,,,,,0,0
2024,6,20241013,NO,vs TB,QB,Spencer Rattler,29.5,18.5,188,1.23,0.9,0.03,4.1,17,0.18,0,,0,0,0,0,0.22,,0.07,0,0,,,,,,,,,,0,,,,,,,,14.33,14.11
2024,6,20241013,NO,vs TB,RB,Alvin Kamara,0,0,0,0,0,0,15,63,0.51,0.16,,4.1,32,0.16,0,0.14,,0,0,0,,,,,,,,,,0,,,,,,,,17.96,15.77
2024,6,20241013,NO,vs TB,RB,Jamaal Williams,0,0,0,0,0,0,3.2,12,0.09,0,,0.5,4,0.02,0,0.03,,0,0,0,,,,,,,,,,0,,,,,,,,2.73,2.45
2024,6,20241013,NO,vs TB,RB,Jordan Mims,0,0,0,0,0,0,0,0,0,0,,0,0,0,0,0,,0,0,0,,,,,,,,,,0,,,,,,,,0,0
2024,6,20241013,NO,vs TB,RB,Kendre Miller,0,0,0,0,0,0,0,0,0,0,,0,0,0,0,0,,0,0,0,,,,,,,,,,0,,,,,,,,0,0
2024,6,20241013,NO,vs TB,TE,Dallin Holker,0,0,0,0,0,0,0,0,0,0,,0.2,2,0.01,0,0,,0,0,0,,,,,,,,,,0,,,,,,,,0.46,0.36
2024,6,20241013,NO,vs TB,TE,Foster Moreau,0,0,0,0,0,0,0,0,0,0,,1.2,12,0.11,0,0.01,,0.01,0,0,,,,,,,,,,0,,,,,,,,3.07,2.46
2024,6,20241013,NO,vs TB,TE,Juwan Johnson,0,0,0,0,0,0,0,0,0,0,,2,21,0.19,0,0.02,,0.01,0,0,,,,,,,,,,0,,,,,,,,5.24,4.22
2024,6,20241013,NO,vs TB,TE,Michael Jacobson,,,,,,,,,,,,,,,,,,,0,,,,,,,,,,,0,,,,,,,,0,0
2024,6,20241013,NO,vs TB,TE,Taysom Hill,0,0,0,0,0,0,0,0,0,0,,0,0,0,0,0,,0,0,0,,,,,,,,,,0,,,,,,,,0,0
2024,6,20241013,NO,vs TB,TE,Treyton Welch,,,,,,,,,,,,,,,,,,,0,,,,,,,,,,,0,,,,,,,,0,0
2024,6,20241013,NO,vs TB,WR,Bub Means,0,0,0,0,0,0,0,0,0,0,,0.1,1,0.01,0,0,,0,0,0,,,,,,,,,,0,,,,,,,,0.26,0.21
2024,6,20241013,NO,vs TB,WR,Cedrick Wilson,0,0,0,0,0,0,0,0,0,0,,0.4,4,0.03,0,0,,0,0,0,,,,,,,,,,0,,,,,,,,0.98,0.78
2024,6,20241013,NO,vs TB,WR,Chris Olave,0,0,0,0,0,0,0,0,0,0,,4.2,56,0.31,0.12,0.04,,0.02,0,0,,,,,,,,,,0,,,,,,,,12.02,9.88
2024,6,20241013,NO,vs TB,WR,Equanimeous St. Brown,0,0,0,0,0,0,0,0,0,0,,0,0,0,0,0,,0,0,0,,,,,,,,,,0,,,,,,,,0,0
2024,6,20241013,NO,vs TB,WR,Jermaine Jackson,,,,,,,,,,,,,,,,,,,0,,,,,,,,,,,0,,,,,,,,0,0
2024,6,20241013,NO,vs TB,WR,Kevin Austin,,,,,,,,,,,,,,,,,,,0,,,,,,,,,,,0,,,,,,,,0,0
2024,6,20241013,NO,vs TB,WR,Mason Tipton,0,0,0,0,0,0,0,0,0,0,,1.2,12,0.07,0,0.01,,0,0,0,,,,,,,,,,0,,,,,,,,2.81,2.2
2024,6,20241013,NO,vs TB,WR,Rashid Shaheed,0,0,0,0,0,0,0.5,2.5,0.02,0,,3.3,48,0.31,0.06,0.03,,0.02,0,0,,,,,,,,,,0,,,,,,,,10.52,8.84
2024,6,20241013,NYG,vs CIN,D,NY Giants Defense,,,,,,,,,,,,,,,,,,,0,,,,,,,,,24.8,2.4,0,0.69,1.4,0.6,0.2,0.03,0,0,6.24,6.24
2024,6,20241013,NYG,vs CIN,FB,Jakob Johnson,0,0,0,0,0,0,0,0,0,0,,0,0,0,0,0,,0,0,0,,,,,,,,,,0,,,,,,,,0,0
2024,6,20241013,NYG,vs CIN,K,Graham Gano,,,,,,,,,,,,,,,,,,,0,,,,,,,,,,,0,,,,,,,,0,0
2024,6,20241013,NYG,vs CIN,K,Graham Gano,,,,,,,,,,,,,,,,,,,0,,,,,,,,,,,0,,,,,,,,,0
2024,6,20241013,NYG,vs CIN,K,Greg Joseph,0,0,0,0,0,0,0,0,0,0,,,,,,,,,0,0,0.02,0.494,0.46,0.43,0.16,2,,,,0,,,,,,,,,7.44
2024,6,20241013,NYG,vs CIN,K,Greg Joseph,0,0,0,0,0,0,0,0,0,0,,,,,,,,,0,0,0.02,0.494,0.46,0.43,0.16,2,,,,0,,,,,,,,7.44,7.44
2024,6,20241013,NYG,vs CIN,K,Jude McAtamney,,,,,,,,,,,,,,,,,,,0,,,,,,,,,,,0,,,,,,,,,0
2024,6,20241013,NYG,vs CIN,K,Jude McAtamney,,,,,,,,,,,,,,,,,,,0,,,,,,,,,,,0,,,,,,,,0,0
2024,6,20241013,NYG,vs CIN,QB,Daniel Jones,31.5,20.5,205,1.21,0.72,0.07,6.6,26,0.3,0,,0,0,0,0,0.26,,0.08,0,0,,,,,,,,,,0,,,,,,,,16.83,16.57
2024,6,20241013,NYG,vs CIN,QB,Drew Lock,0,0,0,0,0,0,0,0,0,0,,0,0,0,0,0,,0,0,0,,,,,,,,,,0,,,,,,,,0,0
2024,6,20241013,NYG,vs CIN,QB,Tommy DeVito,0,0,0,0,0,0,0,0,0,0,,0,0,0,0,0,,0,0,0,,,,,,,,,,0,,,,,,,,0,0
2024,6,20241013,NYG,vs CIN,RB,Dante Miller,0,0,0,0,0,0,0.2,1,0.01,0,,0.1,1,0,0,0,,0,0,0,,,,,,,,,,0,,,,,,,,0.36,0.31
2024,6,20241013,NYG,vs CIN,RB,Devin Singletary,0,0,0,0,0,0,0,0,0,0,,0,0,0,0,0,,0,0,0,,,,,,,,,,0,,,,,,,,0,0
2024,6,20241013,NYG,vs CIN,RB,Eric Gray,0,0,0,0,0,0,3.5,13,0.1,0,,1.5,11,0.05,0,0.04,,0,0,0,,,,,,,,,,0,,,,,,,,4.76,3.97
2024,6,20241013,NYG,vs CIN,RB,Tyrone Tracy,0,0,0,0,0,0,14,60,0.62,0.13,,1.9,14,0.06,0,0.11,,0,0,0,,,,,,,,,,0,,,,,,,,13.66,12.6
2024,6,20241013,NYG,vs CIN,TE,Chris Manhertz,0,0,0,0,0,0,0,0,0,0,,0.1,1,0.01,0,0,,0,0,0,,,,,,,,,,0,,,,,,,,0.26,0.21
2024,6,20241013,NYG,vs CIN,TE,Daniel Bellinger,0,0,0,0,0,0,0,0,0,0,,0.4,4,0.03,0,0,,0,0,0,,,,,,,,,,0,,,,,,,,0.98,0.78
2024,6,20241013,NYG,vs CIN,TE,Theo Johnson,0,0,0,0,0,0,0,0,0,0,,2.6,30,0.19,0,0.02,,0.01,0,0,,,,,,,,,,0,,,,,,,,6.74,5.42
2024,6,20241013,NYG,vs CIN,WR,Bryce Ford-Wheaton,0,0,0,0,0,0,0,0,0,0,,0,0,0,0,0,,0,0,0,,,,,,,,,,0,,,,,,,,0,0
2024,6,20241013,NYG,vs CIN,WR,Darius Slayton,0,0,0,0,0,0,0,0,0,0,,4,51,0.29,0.09,0.04,,0.01,0,0,,,,,,,,,,0,,,,,,,,11.09,9.05
2024,6,20241013,NYG,vs CIN,WR,Gunner Olszewski,0,0,0,0,0,0,0,0,0,0,,0,0,0,0,0,,0,0,0,,,,,,,,,,0,,,,,,,,0,0
2024,6,20241013,NYG,vs CIN,WR,Ihmir Smith-Marsette,0,0,0,0,0,0,0,0,0,0,,0,0,0,0,0,,0,0,0,,,,,,,,,,0,,,,,,,,0,0
2024,6,20241013,NYG,vs CIN,WR,Isaiah Hodgins,0,0,0,0,0,0,0,0,0,0,,1,12,0.08,0,0.01,,0,0,0,,,,,,,,,,0,,,,,,,,2.67,2.16
2024,6,20241013,NYG,vs CIN,WR,Jalin Hyatt,0,0,0,0,0,0,0,0,0,0,,1.4,22,0.1,0,0.01,,0.01,0,0,,,,,,,,,,0,,,,,,,,4.21,3.5
2024,6,20241013,NYG,vs CIN,WR,Kearis Jackson,,,,,,,,,,,,,,,,,,,0,,,,,,,,,,,0,,,,,,,,0,0
2024,6,20241013,NYG,vs CIN,WR,Malik Nabers,0,0,0,0,0,0,0,0,0,0,,0,0,0,0,0,,0,0,0,,,,,,,,,,0,,,,,,,,0,0
2024,6,20241013,NYG,vs CIN,WR,Wan'Dale Robinson,0,0,0,0,0,0,0.5,2.9,0.02,0,,6.3,58,0.4,0.14,0.06,,0.02,0,0,,,,,,,,,,0,,,,,,,,15.31,12.1
2024,6,20241014,NYJ,vs BUF,D,NY Jets Defense,,,,,,,,,,,,,,,,,,,0,,,,,,,,,21.8,1.9,0,0.72,1.3,0.56,0.2,0.04,0,0,5.74,5.74
2024,6,20241014,NYJ,vs BUF,K,Greg Zuerlein,0,0,0,0,0,0,0,0,0,0,,,,,,,,,0,0,0.02,0.467,0.46,0.43,0.17,1.8,,,,0,,,,,,,,7.21,7.21
2024,6,20241014,NYJ,vs BUF,QB,Aaron Rodgers,34.5,22.5,224,1.32,0.69,0.14,1.9,5,0.05,0,,0,0,0,0,0.21,,0.07,0,0,,,,,,,,,,0,,,,,,,,14.7,14.49
2024,6,20241014,NYJ,vs BUF,QB,Adrian Martinez,,,,,,,,,,,,,,,,,,,0,,,,,,,,,,,0,,,,,,,,0,0
2024,6,20241014,NYJ,vs BUF,QB,Jordan Travis,0,0,0,0,0,0,0,0,0,0,,0,0,0,0,0,,0,0,0,,,,,,,,,,0,,,,,,,,0,0
2024,6,20241014,NYJ,vs BUF,QB,Tyrod Taylor,0,0,0,0,0,0,0,0,0,0,,0,0,0,0,0,,0,0,0,,,,,,,,,,0,,,,,,,,0,0
2024,6,20241014,NYJ,vs BUF,RB,Braelon Allen,0,0,0,0,0,0,8.7,37,0.25,0.01,,1.3,10,0.05,0,0.07,,0,0,0,,,,,,,,,,0,,,,,,,,7.76,7.04
2024,6,20241014,NYJ,vs BUF,RB,Breece Hall,0,0,0,0,0,0,13,53,0.35,0.08,,3.8,29,0.16,0,0.12,,0,0,0,,,,,,,,,,0,,,,,,,,15.18,13.16
2024,6,20241014,NYJ,vs BUF,RB,Isaiah Davis,0,0,0,0,0,0,0,0,0,0,,0,0,0,0,0,,0,0,0,,,,,,,,,,0,,,,,,,,0,0
2024,6,20241014,NYJ,vs BUF,RB,Israel Abanikanda,0,0,0,0,0,0,0,0,0,0,,0,0,0,0,0,,0,0,0,,,,,,,,,,0,,,,,,,,0,0
2024,6,20241014,NYJ,vs BUF,RB,Kene Nwangwu,,,,,,,,,,,,,,,,,,,0,,,,,,,,,,,0,,,,,,,,0,0
2024,6,20241014,NYJ,vs BUF,TE,Anthony Firkser,0,0,0,0,0,0,0,0,0,0,,0,0,0,0,0,,0,0,0,,,,,,,,,,0,,,,,,,,0,0
2024,6,20241014,NYJ,vs BUF,TE,Brenden Bates,0,0,0,0,0,0,0,0,0,0,,0.1,1,0.01,0,0,,0,0,0,,,,,,,,,,0,,,,,,,,0.26,0.21
2024,6,20241014,NYJ,vs BUF,TE,Jeremy Ruckert,0,0,0,0,0,0,0,0,0,0,,0.8,7,0.05,0,0.01,,0,0,0,,,,,,,,,,0,,,,,,,,1.79,1.38
2024,6,20241014,NYJ,vs BUF,TE,Kenny Yeboah,,,,,,,,,,,,,,,,,,,0,,,,,,,,,,,0,,,,,,,,0,0
2024,6,20241014,NYJ,vs BUF,TE,Tyler Conklin,0,0,0,0,0,0,0,0,0,0,,3.4,36,0.21,0.01,0.03,,0.01,0,0,,,,,,,,,,0,,,,,,,,8.28,6.55
2024,6,20241014,NYJ,vs BUF,TE,Zack Kuntz,,,,,,,,,,,,,,,,,,,0,,,,,,,,,,,0,,,,,,,,0,0
2024,6,20241014,NYJ,vs BUF,WR,Allen Lazard,0,0,0,0,0,0,0,0,0,0,,3.3,41,0.25,0.03,0.03,,0.01,0,0,,,,,,,,,,0,,,,,,,,8.98,7.3
2024,6,20241014,NYJ,vs BUF,WR,Garrett Wilson,0,0,0,0,0,0,0.2,0.9,0.01,0,,5.7,66,0.39,0.21,0.06,,0.02,0,0,,,,,,,,,,0,,,,,,,,15.4,12.49
2024,6,20241014,NYJ,vs BUF,WR,Irvin Charles,0,0,0,0,0,0,0,0,0,0,,0,0,0,0,0,,0,0,0,,,,,,,,,,0,,,,,,,,0,0
2024,6,20241014,NYJ,vs BUF,WR,Jason Brownlee,0,0,0,0,0,0,0,0,0,0,,0,0,0,0,0,,0,0,0,,,,,,,,,,0,,,,,,,,0,0
2024,6,20241014,NYJ,vs BUF,WR,Malachi Corley,0,0,0,0,0,0,0,0,0,0,,0,0,0,0,0,,0,0,0,,,,,,,,,,0,,,,,,,,0,0
2024,6,20241014,NYJ,vs BUF,WR,Malik Taylor,,,,,,,,,,,,,,,,,,,0,,,,,,,,,,,0,,,,,,,,0,0
2024,6,20241014,NYJ,vs BUF,WR,Marcus Riley,,,,,,,,,,,,,,,,,,,0,,,,,,,,,,,0,,,,,,,,0,0
2024,6,20241014,NYJ,vs BUF,WR,Mike Williams,0,0,0,0,0,0,0,0,0,0,,2.5,36,0.18,0.01,0.02,,0.01,0,0,,,,,,,,,,0,,,,,,,,7.21,5.94
2024,6,20241014,NYJ,vs BUF,WR,Xavier Gipson,0,0,0,0,0,0,0.1,0.6,0,0,,0.4,4,0.02,0,0,,0,0,0,,,,,,,,,,0,,,,,,,,0.98,0.78
2024,6,20241013,PHI,vs CLE,D,Philadelphia Defense,,,,,,,,,,,,,,,,,,,0,,,,,,,,,16.8,2.8,0,0.89,1.2,0.51,0.2,0.05,0,0,7.9,7.9
2024,6,20241013,PHI,vs CLE,K,Jake Elliott,0,0,0,0,0,0,0,0,0,0,,,,,,,,,0,0,0.02,0.436,0.43,0.4,0.16,2.4,,,,0,,,,,,,,7.46,7.46
2024,6,20241013,PHI,vs CLE,QB,Jalen Hurts,29.5,20.5,225,1.37,0.66,0.14,9.5,42,0.57,0.03,,0,0,0,0,0.24,,0.1,0,0,,,,,,,,,,0,,,,,,,,21.91,21.67
2024,6,20241013,PHI,vs CLE,QB,Kenny Pickett,0,0,0,0,0,0,0,0,0,0,,0,0,0,0,0,,0,0,0,,,,,,,,,,0,,,,,,,,0,0
2024,6,20241013,PHI,vs CLE,QB,Tanner McKee,0,0,0,0,0,0,0,0,0,0,,0,0,0,0,0,,0,0,0,,,,,,,,,,0,,,,,,,,0,0
2024,6,20241013,PHI,vs CLE,QB,Will Grier,,,,,,,,,,,,,,,,,,,0,,,,,,,,,,,0,,,,,,,,0,0
2024,6,20241013,PHI,vs CLE,RB,Kenneth Gainwell,0,0,0,0,0,0,2.1,8,0.05,0,,0.8,6,0.03,0,0.02,,0,0,0,,,,,,,,,,0,,,,,,,,2.66,2.24
2024,6,20241013,PHI,vs CLE,RB,Saquon Barkley,0,0,0,0,0,0,18.5,84,0.71,0.37,,2.7,19,0.12,0,0.15,,0,0,0,,,,,,,,,,0,,,,,,,,18.94,17.44
2024,6,20241013,PHI,vs CLE,RB,Tyrion Davis-Price,0,0,0,0,0,0,0,0,0,0,,0,0,0,0,0,,0,0,0,,,,,,,,,,0,,,,,,,,0,0
2024,6,20241013,PHI,vs CLE,RB,Will Shipley,0,0,0,0,0,0,0.1,0,0,0,,0.1,1,0,0,0,,0,0,0,,,,,,,,,,0,,,,,,,,0.2,0.15
2024,6,20241013,PHI,vs CLE,TE,Albert Okwuegbunam,0,0,0,0,0,0,0,0,0,0,,0,0,0,0,0,,0,0,0,,,,,,,,,,0,,,,,,,,0,0
2024,6,20241013,PHI,vs CLE,TE,Dallas Goedert,0,0,0,0,0,0,0,0,0,0,,4.3,44,0.24,0.04,0.04,,0.01,0,0,,,,,,,,,,0,,,,,,,,10.24,8.05
2024,6,20241013,PHI,vs CLE,TE,E.J. Jenkins,,,,,,,,,,,,,,,,,,,0,,,,,,,,,,,0,,,,,,,,0,0
2024,6,20241013,PHI,vs CLE,TE,Grant Calcaterra,0,0,0,0,0,0,0,0,0,0,,0.7,7,0.04,0,0.01,,0,0,0,,,,,,,,,,0,,,,,,,,1.63,1.27
2024,6,20241013,PHI,vs CLE,TE,Jack Stoll,0,0,0,0,0,0,0,0,0,0,,0,0,0,0,0,,0,0,0,,,,,,,,,,0,,,,,,,,0,0
2024,6,20241013,PHI,vs CLE,WR,A.J. Brown,0,0,0,0,0,0,0,0,0,0,,4.9,71,0.43,0.26,0.05,,0.02,0,0,,,,,,,,,,0,,,,,,,,15.35,12.85
2024,6,20241013,PHI,vs CLE,WR,Ainias Smith,0,0,0,0,0,0,0,0,0,0,,0,0,0,0,0,,0,0,0,,,,,,,,,,0,,,,,,,,0,0
2024,6,20241013,PHI,vs CLE,WR,Britain Covey,0,0,0,0,0,0,0,0,0,0,,0,0,0,0,0,,0,0,0,,,,,,,,,,0,,,,,,,,0,0
2024,6,20241013,PHI,vs CLE,WR,Danny Gray,,,,,,,,,,,,,,,,,,,0,,,,,,,,,,,0,,,,,,,,0,0
2024,6,20241013,PHI,vs CLE,WR,DeVonta Smith,0,0,0,0,0,0,0,0,0,0,,4.8,60,0.35,0.16,0.05,,0.02,0,0,,,,,,,,,,0,,,,,,,,13.37,10.92
2024,6,20241013,PHI,vs CLE,WR,Jacob Harris,,,,,,,,,,,,,,,,,,,0,,,,,,,,,,,0,,,,,,,,0,0
2024,6,20241013,PHI,vs CLE,WR,Jahan Dotson,0,0,0,0,0,0,0,0,0,0,,1.6,17,0.1,0,0.02,,0.01,0,0,,,,,,,,,,0,,,,,,,,3.9,3.08
2024,6,20241013,PHI,vs CLE,WR,John Ross,0,0,0,0,0,0,0,0,0,0,,0,0,0,0,0,,0,0,0,,,,,,,,,,0,,,,,,,,0,0
2024,6,20241013,PHI,vs CLE,WR,Johnny Wilson,0,0,0,0,0,0,0,0,0,0,,0.3,4,0.02,0,0,,0,0,0,,,,,,,,,,0,,,,,,,,0.82,0.67
2024,6,20241013,PHI,vs CLE,WR,Kyle Philips,,,,,,,,,,,,,,,,,,,0,,,,,,,,,,,0,,,,,,,,0,0
2024,6,20241013,PHI,vs CLE,WR,Marcus Rosemy-Jacksaint,,,,,,,,,,,,,,,,,,,0,,,,,,,,,,,0,,,,,,,,0,0
2024,6,20241013,PHI,vs CLE,WR,Parris Campbell,0,0,0,0,0,0,0,0,0,0,,0.4,4,0.02,0,0,,0,0,0,,,,,,,,,,0,,,,,,,,0.92,0.72
2024,6,20241013,PIT,@ LV,D,Pittsburgh Defense,,,,,,,,,,,,,,,,,,,0,,,,,,,,,16.8,2.3,0,0.77,1.2,0.53,0.2,0.05,0,0,7.2,7.2
2024,6,20241013,PIT,@ LV,K,Chris Boswell,0,0,0,0,0,0,0,0,0,0,,,,,,,,,0,0,0.02,0.476,0.5,0.47,0.19,1.8,,,,0,,,,,,,,7.62,7.62
2024,6,20241013,PIT,@ LV,QB,Justin Fields,26.5,17.5,182,1.03,0.6,0.02,8.5,40,0.41,0.02,,0,0,0,0,0.26,,0.07,0,0,,,,,,,,,,0,,,,,,,,17.26,17
2024,6,20241013,PIT,@ LV,QB,Kyle Allen,0,0,0,0,0,0,0,0,0,0,,0,0,0,0,0,,0,0,0,,,,,,,,,,0,,,,,,,,0,0
2024,6,20241013,PIT,@ LV,QB,Russell Wilson,0,0,0,0,0,0,0,0,0,0,,0,0,0,0,0,,0,0,0,,,,,,,,,,0,,,,,,,,0,0
2024,6,20241013,PIT,@ LV,RB,Aaron Shampklin,0,0,0,0,0,0,2,8,0.05,0,,0.3,2,0.01,0,0.02,,0,0,0,,,,,,,,,,0,,,,,,,,1.64,1.47
2024,6,20241013,PIT,@ LV,RB,Cordarrelle Patterson,0,0,0,0,0,0,0,0,0,0,,0,0,0,0,0,,0,0,0,,,,,,,,,,0,,,,,,,,0,0
2024,6,20241013,PIT,@ LV,RB,Jaylen Warren,0,0,0,0,0,0,5.5,23,0.15,0,,1.7,12,0.05,0,0.05,,0,0,0,,,,,,,,,,0,,,,,,,,6.35,5.45
2024,6,20241013,PIT,@ LV,RB,Jonathan Ward,0,0,0,0,0,0,0,0,0,0,,0,0,0,0,0,,0,0,0,,,,,,,,,,0,,,,,,,,0,0
2024,6,20241013,PIT,@ LV,RB,La'Mical Perine,,,,,,,,,,,,,,,,,,,0,,,,,,,,,,,0,,,,,,,,0,0
2024,6,20241013,PIT,@ LV,RB,Najee Harris,0,0,0,0,0,0,14.8,58,0.4,0.12,,2,14,0.06,0,0.12,,0,0,0,,,,,,,,,,0,,,,,,,,12.2,11.08
2024,6,20241013,PIT,@ LV,TE,Connor Heyward,0,0,0,0,0,0,0,0,0,0,,0.8,8,0.05,0,0.01,,0,0,0,,,,,,,,,,0,,,,,,,,1.89,1.48
2024,6,20241013,PIT,@ LV,TE,Darnell Washington,0,0,0,0,0,0,0,0,0,0,,1,10,0.06,0,0.01,,0,0,0,,,,,,,,,,0,,,,,,,,2.35,1.84
2024,6,20241013,PIT,@ LV,TE,MyCole Pruitt,0,0,0,0,0,0,0,0,0,0,,0,0,0,0,0,,0,0,0,,,,,,,,,,0,,,,,,,,0,0
2024,6,20241013,PIT,@ LV,TE,Pat Freiermuth,0,0,0,0,0,0,0,0,0,0,,3.3,31,0.2,0,0.03,,0.01,0,0,,,,,,,,,,0,,,,,,,,7.59,5.91
2024,6,20241013,PIT,@ LV,TE,Rodney Williams,0,0,0,0,0,0,0,0,0,0,,0,0,0,0,0,,0,0,0,,,,,,,,,,0,,,,,,,,0,0
2024,6,20241013,PIT,@ LV,WR,Ben Skowronek,0,0,0,0,0,0,0,0,0,0,,0,0,0,0,0,,0,0,0,,,,,,,,,,0,,,,,,,,0,0
2024,6,20241013,PIT,@ LV,WR,Brandon Johnson,0,0,0,0,0,0,0,0,0,0,,0,0,0,0,0,,0,0,0,,,,,,,,,,0,,,,,,,,0,0
2024,6,20241013,PIT,@ LV,WR,Calvin Austin,0,0,0,0,0,0,0.2,1,0.01,0,,1.8,20,0.1,0,0.02,,0.01,0,0,,,,,,,,,,0,,,,,,,,4.56,3.64
2024,6,20241013,PIT,@ LV,WR,George Pickens,0,0,0,0,0,0,0.2,1,0.01,0,,3.7,51,0.3,0.08,0.04,,0.02,0,0,,,,,,,,,,0,,,,,,,,11,9.11
2024,6,20241013,PIT,@ LV,WR,Jaray Jenkins,,,,,,,,,,,,,,,,,,,0,,,,,,,,,,,0,,,,,,,,0,0
2024,6,20241013,PIT,@ LV,WR,Quez Watkins,0,0,0,0,0,0,0,0,0,0,,0,0,0,0,0,,0,0,0,,,,,,,,,,0,,,,,,,,0,0
2024,6,20241013,PIT,@ LV,WR,Roman Wilson,0,0,0,0,0,0,0,0,0,0,,0.8,10,0.05,0,0.01,,0,0,0,,,,,,,,,,0,,,,,,,,2.09,1.68
2024,6,20241013,PIT,@ LV,WR,Scotty Miller,0,0,0,0,0,0,0,0,0,0,,0.3,4,0.02,0,0,,0,0,0,,,,,,,,,,0,,,,,,,,0.82,0.67
2024,6,20241013,PIT,@ LV,WR,Van Jefferson,0,0,0,0,0,0,0,0,0,0,,2.1,23,0.13,0,0.02,,0.01,0,0,,,,,,,,,,0,,,,,,,,5.18,4.11
2024,6,20241010,SEA,vs SF,D,Seattle Defense,,,,,,,,,,,,,,,,,,,0,,,,,,,,,25.3,2.1,0,0.74,1.4,0.59,0.2,0.03,0,0,6.02,6.02
2024,6,20241010,SEA,vs SF,K,Jason Myers,0,0,0,0,0,0,0,0,0,0,,,,,,,,,0,0,0.02,0.48,0.45,0.42,0.16,2.1,,,,0,,,,,,,,7.43,7.43
2024,6,20241010,SEA,vs SF,QB,Geno Smith,35.5,24.5,252,1.56,0.75,0.27,3.7,16,0.17,0,,0,0,0,0,0.23,,0.09,0,0,,,,,,,,,,0,,,,,,,,18.95,18.72
2024,6,20241010,SEA,vs SF,QB,Jaren Hall,,,,,,,,,,,,,,,,,,,0,,,,,,,,,,,0,,,,,,,,0,0
2024,6,20241010,SEA,vs SF,QB,Sam Howell,0,0,0,0,0,0,0,0,0,0,,0,0,0,0,0,,0,0,0,,,,,,,,,,0,,,,,,,,0,0
2024,6,20241010,SEA,vs SF,RB,Brittain Brown,,,,,,,,,,,,,,,,,,,0,,,,,,,,,,,0,,,,,,,,0,0
2024,6,20241010,SEA,vs SF,RB,Kenneth Walker,0,0,0,0,0,0,14,61,0.54,0.14,,3.1,22,0.1,0,0.12,,0,0,0,,,,,,,,,,0,,,,,,,,15.66,13.99
2024,6,20241010,SEA,vs SF,RB,Kenny McIntosh,0,0,0,0,0,0,0,0,0,0,,0,0,0,0,0,,0,0,0,,,,,,,,,,0,,,,,,,,0,0
2024,6,20241010,SEA,vs SF,RB,Zach Charbonnet,0,0,0,0,0,0,3.8,15,0.11,0,,2.1,15,0.09,0,0.04,,0,0,0,,,,,,,,,,0,,,,,,,,5.88,4.84
2024,6,20241010,SEA,vs SF,TE,AJ Barner,0,0,0,0,0,0,0,0,0,0,,0.8,8,0.06,0,0.01,,0,0,0,,,,,,,,,,0,,,,,,,,1.95,1.54
2024,6,20241010,SEA,vs SF,TE,Brady Russell,0,0,0,0,0,0,0,0,0,0,,0,0,0,0,0,,0,0,0,,,,,,,,,,0,,,,,,,,0,0
2024,6,20241010,SEA,vs SF,TE,Noah Fant,0,0,0,0,0,0,0,0,0,0,,2.3,22,0.16,0,0.02,,0.01,0,0,,,,,,,,,,0,,,,,,,,5.46,4.29
2024,6,20241010,SEA,vs SF,TE,Pharaoh Brown,0,0,0,0,0,0,0,0,0,0,,0.6,6,0.04,0,0.01,,0,0,0,,,,,,,,,,0,,,,,,,,1.43,1.12
2024,6,20241010,SEA,vs SF,TE,Tyler Mabry,,,,,,,,,,,,,,,,,,,0,,,,,,,,,,,0,,,,,,,,0,0
2024,6,20241010,SEA,vs SF,WR,Cody White,,,,,,,,,,,,,,,,,,,0,,,,,,,,,,,0,,,,,,,,0,0
2024,6,20241010,SEA,vs SF,WR,Dareke Young,0,0,0,0,0,0,0,0,0,0,,0,0,0,0,0,,0,0,0,,,,,,,,,,0,,,,,,,,0,0
2024,6,20241010,SEA,vs SF,WR,DK Metcalf,0,0,0,0,0,0,0,0,0,0,,5.2,70,0.45,0.26,0.05,,0.02,0,0,,,,,,,,,,0,,,,,,,,15.73,13.08
2024,6,20241010,SEA,vs SF,WR,Jake Bobo,0,0,0,0,0,0,0,0,0,0,,0.5,6,0.04,0,0,,0,0,0,,,,,,,,,,0,,,,,,,,1.34,1.09
2024,6,20241010,SEA,vs SF,WR,Jaxon Smith-Njigba,0,0,0,0,0,0,0,0,0,0,,4.8,53,0.33,0.1,0.05,,0.02,0,0,,,,,,,,,,0,,,,,,,,12.37,9.92
2024,6,20241010,SEA,vs SF,WR,Laviska Shenault,0,0,0,0,0,0,0.2,0.9,0.01,0,,0.4,4,0.03,0,0.01,,0,0,0,,,,,,,,,,0,,,,,,,,1.12,0.91
2024,6,20241010,SEA,vs SF,WR,Miles Boykin,,,,,,,,,,,,,,,,,,,0,,,,,,,,,,,0,,,,,,,,0,0
2024,6,20241010,SEA,vs SF,WR,Tyler Lockett,0,0,0,0,0,0,0,0,0,0,,4,50,0.27,0.08,0.04,,0.01,0,0,,,,,,,,,,0,,,,,,,,10.84,8.8
2024,6,20241010,SF,@ SEA,D,San Francisco Defense,,,,,,,,,,,,,,,,,,,0,,,,,,,,,22.3,2.4,0,0.75,1.3,0.55,0.19,0.04,0,0,6.22,6.22
2024,6,20241010,SF,@ SEA,FB,Kyle Juszczyk,0,0,0,0,0,0,0.3,1,0.01,0,,1.4,13,0.11,0,0.02,,0,0,0,,,,,,,,,,0,,,,,,,,3.5,2.78
2024,6,20241010,SF,@ SEA,K,Jake Moody,,,,,,,,,,,,,,,,,,,0,,,,,,,,,,,0,,,,,,,,7.62,7.62
2024,6,20241010,SF,@ SEA,K,Matthew Wright,0,0,0,0,0,0,0,0,0,0,,,,,,,,,0,0,0.02,0.512,0.44,0.41,0.14,2.5,,,,0,,,,,,,,7.76,7.76
2024,6,20241010,SF,@ SEA,QB,Brandon Allen,0,0,0,0,0,0,0,0,0,0,,0,0,0,0,0,,0,0,0,,,,,,,,,,0,,,,,,,,0,0
2024,6,20241010,SF,@ SEA,QB,Brock Purdy,31.5,20.5,255,1.8,0.74,0.28,4,15,0.15,0,,0,0,0,0,0.2,,0.1,0,0,,,,,,,,,,0,,,,,,,,19.9,19.7
2024,6,20241010,SF,@ SEA,QB,Joshua Dobbs,0,0,0,0,0,0,0,0,0,0,,0,0,0,0,0,,0,0,0,,,,,,,,,,0,,,,,,,,0,0
2024,6,20241010,SF,@ SEA,QB,Tanner Mordecai,,,,,,,,,,,,,,,,,,,0,,,,,,,,,,,0,,,,,,,,0,0
2024,6,20241010,SF,@ SEA,RB,Christian McCaffrey,0,0,0,0,0,0,0,0,0,0,,0,0,0,0,0,,0,0,0,,,,,,,,,,0,,,,,,,,0,0
2024,6,20241010,SF,@ SEA,RB,Elijah Mitchell,0,0,0,0,0,0,0,0,0,0,,0,0,0,0,0,,0,0,0,,,,,,,,,,0,,,,,,,,0,0
2024,6,20241010,SF,@ SEA,RB,Isaac Guerendo,0,0,0,0,0,0,3.7,15,0.08,0,,0.2,2,0.01,0,0.03,,0,0,0,,,,,,,,,,0,,,,,,,,2.41,2.28
2024,6,20241010,SF,@ SEA,RB,Jordan Mason,0,0,0,0,0,0,18,79,0.63,0.32,,1.8,12,0.08,0,0.13,,0,0,0,,,,,,,,,,0,,,,,,,,15.99,14.96
2024,6,20241010,SF,@ SEA,RB,Ke'Shawn Vaughn,,,,,,,,,,,,,,,,,,,0,,,,,,,,,,,0,,,,,,,,0,0
2024,6,20241010,SF,@ SEA,RB,Patrick Taylor,0,0,0,0,0,0,0,0,0,0,,0,0,0,0,0,,0,0,0,,,,,,,,,,0,,,,,,,,0,0
2024,6,20241010,SF,@ SEA,TE,Brayden Willis,0,0,0,0,0,0,0,0,0,0,,0,0,0,0,0,,0,0,0,,,,,,,,,,0,,,,,,,,0,0
2024,6,20241010,SF,@ SEA,TE,Eric Saubert,0,0,0,0,0,0,0,0,0,0,,0.3,3,0.03,0,0,,0,0,0,,,,,,,,,,0,,,,,,,,0.78,0.63
2024,6,20241010,SF,@ SEA,TE,George Kittle,0,0,0,0,0,0,0,0,0,0,,4.5,50,0.41,0.08,0.04,,0.02,0,0,,,,,,,,,,0,,,,,,,,12.2,9.91
2024,6,20241010,SF,@ SEA,TE,Jake Tonges,0,0,0,0,0,0,0,0,0,0,,0.1,1,0.01,0,0,,0,0,0,,,,,,,,,,0,,,,,,,,0.26,0.21
2024,6,20241010,SF,@ SEA,TE,Mason Pline,,,,,,,,,,,,,,,,,,,0,,,,,,,,,,,0,,,,,,,,0,0
2024,6,20241010,SF,@ SEA,WR,Brandon Aiyuk,0,0,0,0,0,0,0,0,0,0,,4.9,66,0.48,0.22,0.05,,0.02,0,0,,,,,,,,,,0,,,,,,,,15.03,12.53
2024,6,20241010,SF,@ SEA,WR,Chris Conley,0,0,0,0,0,0,0,0,0,0,,0.2,2,0.02,0,0,,0,0,0,,,,,,,,,,0,,,,,,,,0.52,0.42
2024,6,20241010,SF,@ SEA,WR,Deebo Samuel,0,0,0,0,0,0,2.9,13.3,0.12,0,,4.5,60,0.36,0.16,0.06,,0.02,0,0,,,,,,,,,,0,,,,,,,,15.17,12.86
2024,6,20241010,SF,@ SEA,WR,Jacob Cowing,0,0,0,0,0,0,0,0,0,0,,0,0,0,0,0,,0,0,0,,,,,,,,,,0,,,,,,,,0,0
2024,6,20241010,SF,@ SEA,WR,Jauan Jennings,0,0,0,0,0,0,0,0,0,0,,3,41,0.27,0.03,0.03,,0.01,0,0,,,,,,,,,,0,,,,,,,,8.8,7.27
2024,6,20241010,SF,@ SEA,WR,Ricky Pearsall,0,0,0,0,0,0,0,0,0,0,,0,0,0,0,0,,0,0,0,,,,,,,,,,0,,,,,,,,0,0
2024,6,20241010,SF,@ SEA,WR,Ronnie Bell,0,0,0,0,0,0,0,0,0,0,,0.3,4,0.03,0,0,,0,0,0,,,,,,,,,,0,,,,,,,,0.88,0.73
2024,6,20241010,SF,@ SEA,WR,Terique Owens,,,,,,,,,,,,,,,,,,,0,,,,,,,,,,,0,,,,,,,,0,0
2024,6,20241010,SF,@ SEA,WR,Terrace Marshall,,,,,,,,,,,,,,,,,,,0,,,,,,,,,,,0,,,,,,,,0,0
2024,6,20241010,SF,@ SEA,WR,Trent Taylor,,,,,,,,,,,,,,,,,,,0,,,,,,,,,,,0,,,,,,,,0,0
2024,6,20241013,TB,@ NO,D,Tampa Bay Defense,,,,,,,,,,,,,,,,,,,0,,,,,,,,,19.5,2.3,0,0.9,1.2,0.51,0.2,0.04,0,0,7.4,7.4
2024,6,20241013,TB,@ NO,K,Chase McLaughlin,0,0,0,0,0,0,0,0,0,0,,,,,,,,,0,0,0.02,0.521,0.5,0.46,0.18,2.2,,,,0,,,,,,,,8.06,8.06
2024,6,20241013,TB,@ NO,QB,Baker Mayfield,33.5,21.6,235,1.65,0.7,0.18,3.5,13,0.18,0,,0,0,0,0,0.22,,0.09,0,0,,,,,,,,,,0,,,,,,,,18.18,17.96
2024,6,20241013,TB,@ NO,QB,Kyle Trask,0,0,0,0,0,0,0,0,0,0,,0,0,0,0,0,,0,0,0,,,,,,,,,,0,,,,,,,,0,0
2024,6,20241013,TB,@ NO,QB,Michael Pratt,,,,,,,,,,,,,,,,,,,0,,,,,,,,,,,0,,,,,,,,0,0
2024,6,20241013,TB,@ NO,RB,Bucky Irving,0,0,0,0,0,0,14,60,0.46,0.14,,3.2,22,0.13,0,0.12,,0,0,0,,,,,,,,,,0,,,,,,,,15.24,13.52
2024,6,20241013,TB,@ NO,RB,Chase Edmonds,0,0,0,0,0,0,0,0,0,0,,0,0,0,0,0,,0,0,0,,,,,,,,,,0,,,,,,,,0,0
2024,6,20241013,TB,@ NO,RB,D.J. Williams,0,0,0,0,0,0,0.5,2,0.02,0,,0.2,1,0.01,0,0.01,,0,0,0,,,,,,,,,,0,,,,,,,,0.67,0.56
2024,6,20241013,TB,@ NO,RB,Rachaad White,0,0,0,0,0,0,0,0,0,0,,0,0,0,0,0,,0,0,0,,,,,,,,,,0,,,,,,,,0,0
2024,6,20241013,TB,@ NO,RB,Sean Tucker,0,0,0,0,0,0,4.5,17,0.17,0,,0.9,6,0.03,0,0.04,,0,0,0,,,,,,,,,,0,,,,,,,,4.36,3.87
2024,6,20241013,TB,@ NO,TE,Cade Otton,0,0,0,0,0,0,0,0,0,0,,3.4,31,0.26,0,0.03,,0.01,0,0,,,,,,,,,,0,,,,,,,,8.05,6.32
2024,6,20241013,TB,@ NO,TE,Devin Culp,0,0,0,0,0,0,0,0,0,0,,0,0,0,0,0,,0,0,0,,,,,,,,,,0,,,,,,,,0,0
2024,6,20241013,TB,@ NO,TE,Ko Kieft,0,0,0,0,0,0,0,0,0,0,,0,0,0,0,0,,0,0,0,,,,,,,,,,0,,,,,,,,0,0
2024,6,20241013,TB,@ NO,TE,Payne Durham,0,0,0,0,0,0,0,0,0,0,,0.2,2,0.01,0,0,,0,0,0,,,,,,,,,,0,,,,,,,,0.46,0.36
2024,6,20241013,TB,@ NO,TE,Tanner Taula,,,,,,,,,,,,,,,,,,,0,,,,,,,,,,,0,,,,,,,,0,0
2024,6,20241013,TB,@ NO,WR,Chris Godwin,0,0,0,0,0,0,0.2,1,0.01,0,,5.7,66,0.45,0.21,0.06,,0.02,0,0,,,,,,,,,,0,,,,,,,,15.77,12.86
2024,6,20241013,TB,@ NO,WR,Cody Thompson,,,,,,,,,,,,,,,,,,,0,,,,,,,,,,,0,,,,,,,,0,0
2024,6,20241013,TB,@ NO,WR,Jalen McMillan,0,0,0,0,0,0,0,0,0,0,,1.6,23,0.14,0,0.02,,0.01,0,0,,,,,,,,,,0,,,,,,,,4.74,3.92
2024,6,20241013,TB,@ NO,WR,Kameron Johnson,0,0,0,0,0,0,0,0,0,0,,0,0,0,0,0,,0,0,0,,,,,,,,,,0,,,,,,,,0,0
2024,6,20241013,TB,@ NO,WR,Mike Evans,0,0,0,0,0,0,0,0,0,0,,4.5,61,0.53,0.17,0.04,,0.03,0,0,,,,,,,,,,0,,,,,,,,14.31,12.02
2024,6,20241013,TB,@ NO,WR,Rakim Jarrett,,,,,,,,,,,,,,,,,,,0,,,,,,,,,,,0,,,,,,,,0,0
2024,6,20241013,TB,@ NO,WR,Ryan Miller,,,,,,,,,,,,,,,,,,,0,,,,,,,,,,,0,,,,,,,,0,0
2024,6,20241013,TB,@ NO,WR,Sterling Shepard,0,0,0,0,0,0,0,0,0,0,,1.2,14,0.09,0,0.01,,0,0,0,,,,,,,,,,0,,,,,,,,3.13,2.52
2024,6,20241013,TB,@ NO,WR,Tanner Knue,,,,,,,,,,,,,,,,,,,0,,,,,,,,,,,0,,,,,,,,0,0
2024,6,20241013,TB,@ NO,WR,Trey Palmer,0,0,0,0,0,0,0,0,0,0,,0,0,0,0,0,,0,0,0,,,,,,,,,,0,,,,,,,,0,0
2024,6,20241013,TEN,vs IND,D,Tennessee Defense,,,,,,,,,,,,,,,,,,,0,,,,,,,,,20,2.2,0,0.72,1.4,0.61,0.2,0.04,0,0,7.14,7.14
2024,6,20241013,TEN,vs IND,K,Nick Folk,0,0,0,0,0,0,0,0,0,0,,,,,,,,,0,0,0.02,0.461,0.44,0.41,0.16,2.1,,,,0,,,,,,,,7.3,7.3
2024,6,20241013,TEN,vs IND,QB,Mason Rudolph,0,0,0,0,0,0,0,0,0,0,,0,0,0,0,0,,0,0,0,,,,,,,,,,0,,,,,,,,0,0
2024,6,20241013,TEN,vs IND,QB,Will Levis,29.5,19.2,195,1.32,0.8,0.04,3.5,14,0.19,0,,0,0,0,0,0.27,,0.08,0,0,,,,,,,,,,0,,,,,,,,14.83,14.56
2024,6,20241013,TEN,vs IND,RB,Jabari Small,,,,,,,,,,,,,,,,,,,0,,,,,,,,,,,0,,,,,,,,0,0
2024,6,20241013,TEN,vs IND,RB,Julius Chestnut,0,0,0,0,0,0,0.1,0,0,0,,0,0,0,0,0,,0,0,0,,,,,,,,,,0,,,,,,,,0,0
2024,6,20241013,TEN,vs IND,RB,Tony Pollard,0,0,0,0,0,0,15.5,65,0.66,0.18,,2.6,18,0.09,0,0.13,,0,0,0,,,,,,,,,,0,,,,,,,,15.81,14.38
2024,6,20241013,TEN,vs IND,RB,Tyjae Spears,0,0,0,0,0,0,7.5,32,0.23,0,,1.8,13,0.06,0,0.07,,0,0,0,,,,,,,,,,0,,,,,,,,7.97,7
2024,6,20241013,TEN,vs IND,TE,Chig Okonkwo,0,0,0,0,0,0,0,0,0,0,,2.2,21,0.17,0,0.02,,0.01,0,0,,,,,,,,,,0,,,,,,,,5.32,4.2
2024,6,20241013,TEN,vs IND,TE,David Martin-Robinson,0,0,0,0,0,0,0,0,0,0,,0,0,0,0,0,,0,0,0,,,,,,,,,,0,,,,,,,,0,0
2024,6,20241013,TEN,vs IND,TE,Josh Whyle,0,0,0,0,0,0,0,0,0,0,,1.6,15,0.13,0,0.02,,0.01,0,0,,,,,,,,,,0,,,,,,,,3.88,3.06
2024,6,20241013,TEN,vs IND,TE,Nick Vannett,0,0,0,0,0,0,0,0,0,0,,0.5,4,0.04,0,0,,0,0,0,,,,,,,,,,0,,,,,,,,1.14,0.89
2024,6,20241013,TEN,vs IND,TE,Thomas Odukoya,0,0,0,0,0,0,0,0,0,0,,0,0,0,0,0,,0,0,0,,,,,,,,,,0,,,,,,,,0,0
2024,6,20241013,TEN,vs IND,WR,Bryce Oliver,,,,,,,,,,,,,,,,,,,0,,,,,,,,,,,0,,,,,,,,0,0
2024,6,20241013,TEN,vs IND,WR,Calvin Ridley,0,0,0,0,0,0,0.2,0.8,0.01,0,,3.1,46,0.29,0.05,0.03,,0.02,0,0,,,,,,,,,,0,,,,,,,,9.74,8.16
2024,6,20241013,TEN,vs IND,WR,Colton Dowell,0,0,0,0,0,0,0,0,0,0,,0,0,0,0,0,,0,0,0,,,,,,,,,,0,,,,,,,,0,0
2024,6,20241013,TEN,vs IND,WR,DeAndre Hopkins,0,0,0,0,0,0,0,0,0,0,,3.3,40,0.29,0.02,0.03,,0.01,0,0,,,,,,,,,,0,,,,,,,,9.09,7.41
2024,6,20241013,TEN,vs IND,WR,Jha'Quan Jackson,0,0,0,0,0,0,0,0,0,0,,0,0,0,0,0,,0,0,0,,,,,,,,,,0,,,,,,,,0,0
2024,6,20241013,TEN,vs IND,WR,Mason Kinsey,0,0,0,0,0,0,0,0,0,0,,0,0,0,0,0,,0,0,0,,,,,,,,,,0,,,,,,,,0,0
2024,6,20241013,TEN,vs IND,WR,Nick Westbrook-Ikhine,0,0,0,0,0,0,0,0,0,0,,0.3,4,0.02,0,0,,0,0,0,,,,,,,,,,0,,,,,,,,0.82,0.67
2024,6,20241013,TEN,vs IND,WR,Tay Martin,,,,,,,,,,,,,,,,,,,0,,,,,,,,,,,0,,,,,,,,0,0
2024,6,20241013,TEN,vs IND,WR,Treylon Burks,0,0,0,0,0,0,0.2,0.8,0.01,0,,0.9,12,0.07,0,0.01,,0,0,0,,,,,,,,,,0,,,,,,,,2.65,2.19
2024,6,20241013,TEN,vs IND,WR,Tyler Boyd,0,0,0,0,0,0,0.1,0.6,0,0,,2.5,26,0.17,0,0.02,,0.01,0,0,,,,,,,,,,0,,,,,,,,6.18,4.91
2024,6,20241013,WAS,@ BAL,D,Washington Defense,,,,,,,,,,,,,,,,,,,0,,,,,,,,,29,1.9,0,0.56,1.3,0.59,0.2,0.02,0,0,4.44,4.44
2024,6,20241013,WAS,@ BAL,K,Austin Seibert,0,0,0,0,0,0,0,0,0,0,,,,,,,,,0,0,0.02,0.459,0.4,0.36,0.12,2.1,,,,0,,,,,,,,6.78,6.78
2024,6,20241013,WAS,@ BAL,QB,Jayden Daniels,31.5,21,225,1.39,0.82,0.14,9.4,49,0.54,0.07,,0,0,0,0,0.25,,0.1,0,0,,,,,,,,,,0,,,,,,,,22.46,22.21
2024,6,20241013,WAS,@ BAL,QB,Jeff Driskel,0,0,0,0,0,0,0,0,0,0,,0,0,0,0,0,,0,0,0,,,,,,,,,,0,,,,,,,,0,0
2024,6,20241013,WAS,@ BAL,QB,Marcus Mariota,0,0,0,0,0,0,0,0,0,0,,0,0,0,0,0,,0,0,0,,,,,,,,,,0,,,,,,,,0,0
2024,6,20241013,WAS,@ BAL,QB,Sam Hartman,0,0,0,0,0,0,0,0,0,0,,0,0,0,0,0,,0,0,0,,,,,,,,,,0,,,,,,,,0,0
2024,6,20241013,WAS,@ BAL,RB,Austin Ekeler,0,0,0,0,0,0,8.5,37,0.23,0.01,,3,25,0.12,0,0.08,,0,0,0,,,,,,,,,,0,,,,,,,,11.25,9.67
2024,6,20241013,WAS,@ BAL,RB,Brian Robinson,0,0,0,0,0,0,0,0,0,0,,0,0,0,0,0,,0,0,0,,,,,,,,,,0,,,,,,,,0,0
2024,6,20241013,WAS,@ BAL,RB,Chris Rodriguez,0,0,0,0,0,0,0.2,1,0.01,0,,0,0,0,0,0,,0,0,0,,,,,,,,,,0,,,,,,,,0.16,0.16
2024,6,20241013,WAS,@ BAL,RB,Jeremy McNichols,0,0,0,0,0,0,8.5,36,0.26,0.01,,1.1,7,0.05,0,0.07,,0,0,0,,,,,,,,,,0,,,,,,,,7.22,6.6
2024,6,20241013,WAS,@ BAL,RB,Kazmeir Allen,,,,,,,,,,,,,,,,,,,0,,,,,,,,,,,0,,,,,,,,0,0
2024,6,20241013,WAS,@ BAL,RB,Michael Wiley,,,,,,,,,,,,,,,,,,,0,,,,,,,,,,,0,,,,,,,,0,0
2024,6,20241013,WAS,@ BAL,TE,Ben Sinnott,0,0,0,0,0,0,0,0,0,0,,0.5,5,0.04,0,0,,0,0,0,,,,,,,,,,0,,,,,,,,1.24,0.99
2024,6,20241013,WAS,@ BAL,TE,Cole Turner,,,,,,,,,,,,,,,,,,,0,,,,,,,,,,,0,,,,,,,,0,0
2024,6,20241013,WAS,@ BAL,TE,Colson Yankoff,0,0,0,0,0,0,0,0,0,0,,0,0,0,0,0,,0,0,0,,,,,,,,,,0,,,,,,,,0,0
2024,6,20241013,WAS,@ BAL,TE,John Bates,0,0,0,0,0,0,0,0,0,0,,0.5,5,0.04,0,0,,0,0,0,,,,,,,,,,0,,,,,,,,1.24,0.99
2024,6,20241013,WAS,@ BAL,TE,Zach Ertz,0,0,0,0,0,0,0,0,0,0,,3.5,35,0.27,0.01,0.03,,0.01,0,0,,,,,,,,,,0,,,,,,,,8.64,6.86
2024,6,20241013,WAS,@ BAL,WR,Brycen Tremayne,0,0,0,0,0,0,0,0,0,0,,0,0,0,0,0,,0,0,0,,,,,,,,,,0,,,,,,,,0,0
2024,6,20241013,WAS,@ BAL,WR,Dyami Brown,0,0,0,0,0,0,0,0,0,0,,1.3,15,0.09,0,0.01,,0,0,0,,,,,,,,,,0,,,,,,,,3.33,2.67
2024,6,20241013,WAS,@ BAL,WR,Jamison Crowder,0,0,0,0,0,0,0,0,0,0,,0,0,0,0,0,,0,0,0,,,,,,,,,,0,,,,,,,,0,0
2024,6,20241013,WAS,@ BAL,WR,Luke McCaffrey,0,0,0,0,0,0,0.1,0.5,0,0,,2.1,22,0.14,0,0.02,,0.01,0,0,,,,,,,,,,0,,,,,,,,5.19,4.12
2024,6,20241013,WAS,@ BAL,WR,Mitchell Tinsley,,,,,,,,,,,,,,,,,,,0,,,,,,,,,,,0,,,,,,,,0,0
2024,6,20241013,WAS,@ BAL,WR,Noah Brown,0,0,0,0,0,0,0,0,0,0,,2.1,27,0.16,0,0.02,,0.01,0,0,,,,,,,,,,0,,,,,,,,5.76,4.69
2024,6,20241013,WAS,@ BAL,WR,Olamide Zaccheaus,0,0,0,0,0,0,0,0,0,0,,1.6,17,0.11,0,0.02,,0.01,0,0,,,,,,,,,,0,,,,,,,,3.96,3.14
2024,6,20241013,WAS,@ BAL,WR,Terry McLaurin,0,0,0,0,0,0,0,0,0,0,,4.8,64,0.37,0.2,0.05,,0.02,0,0,,,,,,,,,,0,,,,,,,,14.01,11.56